ApartmentName,URL,Beds,Baths,Cost,SquareFeet,Library,Fitness Center,Distance,Location
The Enclave Student Housing,https://aggiesearch.tamu.edu/housing/property/the-enclave-student-housing/6qxm0qv,2,2,$559,910,0,1,0.8,South
The Enclave Student Housing,https://aggiesearch.tamu.edu/housing/property/the-enclave-student-housing/6qxm0qv,2,2,$699,"1,025",0,1,0.8,South
ISO Male Roommate for the Fall Semester Only Townhome (Shared Space),https://aggiesearch.tamu.edu/housing/property/iso-male-roommate-for-the-fall-semester-only/ocpbb8xj3b,4,4.5,$649 / Bedroom,"1,911",0,0,3,South
Northpoint Crossing Apartments,https://aggiesearch.tamu.edu/housing/property/northpoint-crossing/hlerym2,2,2,$789 - $809 / Bedroom,819,0,1,0.5,East
Northpoint Crossing Apartments,https://aggiesearch.tamu.edu/housing/property/northpoint-crossing/hlerym2,2,2,$789 - $809 / Bedroom,819,0,1,0.5,East
Northpoint Crossing Apartments,https://aggiesearch.tamu.edu/housing/property/northpoint-crossing/hlerym2,3,3,$819 / Bedroom,"1,244",0,1,0.5,East
Northpoint Crossing Apartments,https://aggiesearch.tamu.edu/housing/property/northpoint-crossing/hlerym2,4,4,$675 / Bedroom,"1,450",0,1,0.5,East
Northpoint Crossing Apartments,https://aggiesearch.tamu.edu/housing/property/northpoint-crossing/hlerym2,4,4,$675 / Bedroom,"1,441",0,1,0.5,East
Northpoint Crossing Apartments,https://aggiesearch.tamu.edu/housing/property/northpoint-crossing/hlerym2,4,4,$675 - $709 / Bedroom,"1,386",0,1,0.5,East
Northpoint Crossing Apartments,https://aggiesearch.tamu.edu/housing/property/northpoint-crossing/hlerym2,4,4,$675 - $709 / Bedroom,"1,379",0,1,0.5,East
Northpoint Crossing Apartments,https://aggiesearch.tamu.edu/housing/property/northpoint-crossing/hlerym2,4,4,$699 - $719 / Bedroom,"1,458",0,1,0.5,East
Northpoint Crossing Apartments,https://aggiesearch.tamu.edu/housing/property/northpoint-crossing/hlerym2,4,4,$699 - $719 / Bedroom,"1,458",0,1,0.5,East
Northpoint Crossing Apartments,https://aggiesearch.tamu.edu/housing/property/northpoint-crossing/hlerym2,2,2,$789,819,0,1,0.5,East
Northpoint Crossing Apartments,https://aggiesearch.tamu.edu/housing/property/northpoint-crossing/hlerym2,2,2,$809,819,0,1,0.5,East
Northpoint Crossing Apartments,https://aggiesearch.tamu.edu/housing/property/northpoint-crossing/hlerym2,2,2,$789,819,0,1,0.5,East
Northpoint Crossing Apartments,https://aggiesearch.tamu.edu/housing/property/northpoint-crossing/hlerym2,3,3,$819,"1,244",0,1,0.5,East
Northpoint Crossing Apartments,https://aggiesearch.tamu.edu/housing/property/northpoint-crossing/hlerym2,4,4,$675,"1,450",0,1,0.5,East
Northpoint Crossing Apartments,https://aggiesearch.tamu.edu/housing/property/northpoint-crossing/hlerym2,4,4,$675,"1,386",0,1,0.5,East
Northpoint Crossing Apartments,https://aggiesearch.tamu.edu/housing/property/northpoint-crossing/hlerym2,4,4,$679,"1,386",0,1,0.5,East
Northpoint Crossing Apartments,https://aggiesearch.tamu.edu/housing/property/northpoint-crossing/hlerym2,4,4,$689,"1,386",0,1,0.5,East
Northpoint Crossing Apartments,https://aggiesearch.tamu.edu/housing/property/northpoint-crossing/hlerym2,4,4,$709,"1,386",0,1,0.5,East
Northpoint Crossing Apartments,https://aggiesearch.tamu.edu/housing/property/northpoint-crossing/hlerym2,4,4,$699,"1,458",0,1,0.5,East
Northpoint Crossing Apartments,https://aggiesearch.tamu.edu/housing/property/northpoint-crossing/hlerym2,4,4,$719,"1,458",0,1,0.5,East
Northpoint Crossing Apartments,https://aggiesearch.tamu.edu/housing/property/northpoint-crossing/hlerym2,4,4,$699,,0,1,0.5,East
Female roommate. One bedroom left. 100% Reno. Lakefront/balcony Townhome (Shared Space),https://aggiesearch.tamu.edu/housing/property/female-roommate-one-bedroom-left-100-reno-lakefront-balcony/ocpxzdp6jp,4,4,$625 / Bedroom,,0,0,2.8,South
Lake Walk at Traditions Apartments,https://aggiesearch.tamu.edu/housing/property/lake-walk-at-traditions-apartments/hh29sv1,1,1,"$1,230 - $1,495",760,1,1,0.7,West
Lake Walk at Traditions Apartments,https://aggiesearch.tamu.edu/housing/property/lake-walk-at-traditions-apartments/hh29sv1,1,1,"$1,240 - $1,505",760,1,1,0.7,West
Lake Walk at Traditions Apartments,https://aggiesearch.tamu.edu/housing/property/lake-walk-at-traditions-apartments/hh29sv1,1,1,"$1,249 - $1,544",757,1,1,0.7,West
Lake Walk at Traditions Apartments,https://aggiesearch.tamu.edu/housing/property/lake-walk-at-traditions-apartments/hh29sv1,1,1,"$1,258 - $1,508",760,1,1,0.7,West
Lake Walk at Traditions Apartments,https://aggiesearch.tamu.edu/housing/property/lake-walk-at-traditions-apartments/hh29sv1,1,1,"$1,380 - $1,645",768,1,1,0.7,West
Lake Walk at Traditions Apartments,https://aggiesearch.tamu.edu/housing/property/lake-walk-at-traditions-apartments/hh29sv1,1,1,"$1,245 - $1,495",760,1,1,0.7,West
Lake Walk at Traditions Apartments,https://aggiesearch.tamu.edu/housing/property/lake-walk-at-traditions-apartments/hh29sv1,1,1,"$1,255 - $1,505",757,1,1,0.7,West
Lake Walk at Traditions Apartments,https://aggiesearch.tamu.edu/housing/property/lake-walk-at-traditions-apartments/hh29sv1,1,1,"$1,270 - $1,535",760,1,1,0.7,West
Lake Walk at Traditions Apartments,https://aggiesearch.tamu.edu/housing/property/lake-walk-at-traditions-apartments/hh29sv1,1,1,"$1,275 - $1,525",763,1,1,0.7,West
Lake Walk at Traditions Apartments,https://aggiesearch.tamu.edu/housing/property/lake-walk-at-traditions-apartments/hh29sv1,1,1,"$1,324 - $1,574",814,1,1,0.7,West
Lake Walk at Traditions Apartments,https://aggiesearch.tamu.edu/housing/property/lake-walk-at-traditions-apartments/hh29sv1,2,2,"$1,694 - $1,944","1,283",1,1,0.7,West
Lake Walk at Traditions Apartments,https://aggiesearch.tamu.edu/housing/property/lake-walk-at-traditions-apartments/hh29sv1,1,1,"$1,090 - $1,355",676,1,1,0.7,West
Lake Walk at Traditions Apartments,https://aggiesearch.tamu.edu/housing/property/lake-walk-at-traditions-apartments/hh29sv1,1,1,"$999 - $1,294",635,1,1,0.7,West
Lake Walk at Traditions Apartments,https://aggiesearch.tamu.edu/housing/property/lake-walk-at-traditions-apartments/hh29sv1,2,2,"$1,529 - $1,779","1,112",1,1,0.7,West
Lake Walk at Traditions Apartments,https://aggiesearch.tamu.edu/housing/property/lake-walk-at-traditions-apartments/hh29sv1,1,1,"$1,129 - $1,424",769 - 869,1,1,0.7,West
Lake Walk at Traditions Apartments,https://aggiesearch.tamu.edu/housing/property/lake-walk-at-traditions-apartments/hh29sv1,3,2,"$1,783 - $2,063","1,425",1,1,0.7,West
Lake Walk at Traditions Apartments,https://aggiesearch.tamu.edu/housing/property/lake-walk-at-traditions-apartments/hh29sv1,2,2,"$1,270 - $1,520","1,024",1,1,0.7,West
Lake Walk at Traditions Apartments,https://aggiesearch.tamu.edu/housing/property/lake-walk-at-traditions-apartments/hh29sv1,2,2,"$1,165 - $1,430","1,037",1,1,0.7,West
Lake Walk at Traditions Apartments,https://aggiesearch.tamu.edu/housing/property/lake-walk-at-traditions-apartments/hh29sv1,2,2,"$1,160 - $1,410",997,1,1,0.7,West
Lake Walk at Traditions Apartments,https://aggiesearch.tamu.edu/housing/property/lake-walk-at-traditions-apartments/hh29sv1,1,1,$980,665,1,1,0.7,West
Lake Walk at Traditions Apartments,https://aggiesearch.tamu.edu/housing/property/lake-walk-at-traditions-apartments/hh29sv1,1,1,$985,665,1,1,0.7,West
Lake Walk at Traditions Apartments,https://aggiesearch.tamu.edu/housing/property/lake-walk-at-traditions-apartments/hh29sv1,1,1,"$1,009",770,1,1,0.7,West
Lake Walk at Traditions Apartments,https://aggiesearch.tamu.edu/housing/property/lake-walk-at-traditions-apartments/hh29sv1,1,1,"$1,045",801 - 853,1,1,0.7,West
Lake Walk at Traditions Apartments,https://aggiesearch.tamu.edu/housing/property/lake-walk-at-traditions-apartments/hh29sv1,1,1,"$1,120",785,1,1,0.7,West
Lake Walk at Traditions Apartments,https://aggiesearch.tamu.edu/housing/property/lake-walk-at-traditions-apartments/hh29sv1,1,1,"$1,120",717,1,1,0.7,West
Lake Walk at Traditions Apartments,https://aggiesearch.tamu.edu/housing/property/lake-walk-at-traditions-apartments/hh29sv1,1,1,"$1,126",713,1,1,0.7,West
Lake Walk at Traditions Apartments,https://aggiesearch.tamu.edu/housing/property/lake-walk-at-traditions-apartments/hh29sv1,1,1,"$1,131",713,1,1,0.7,West
Lake Walk at Traditions Apartments,https://aggiesearch.tamu.edu/housing/property/lake-walk-at-traditions-apartments/hh29sv1,1,1,"$1,165",744,1,1,0.7,West
Lake Walk at Traditions Apartments,https://aggiesearch.tamu.edu/housing/property/lake-walk-at-traditions-apartments/hh29sv1,1,1,"$1,182",744,1,1,0.7,West
Lake Walk at Traditions Apartments,https://aggiesearch.tamu.edu/housing/property/lake-walk-at-traditions-apartments/hh29sv1,1,1,"$1,265",822,1,1,0.7,West
Lake Walk at Traditions Apartments,https://aggiesearch.tamu.edu/housing/property/lake-walk-at-traditions-apartments/hh29sv1,1,1,"$1,269",814,1,1,0.7,West
Lake Walk at Traditions Apartments,https://aggiesearch.tamu.edu/housing/property/lake-walk-at-traditions-apartments/hh29sv1,1,1,"$1,309",760,1,1,0.7,West
Lake Walk at Traditions Apartments,https://aggiesearch.tamu.edu/housing/property/lake-walk-at-traditions-apartments/hh29sv1,1,1,"$1,364",951,1,1,0.7,West
Lake Walk at Traditions Apartments,https://aggiesearch.tamu.edu/housing/property/lake-walk-at-traditions-apartments/hh29sv1,1,1,"$1,470",768,1,1,0.7,West
Lake Walk at Traditions Apartments,https://aggiesearch.tamu.edu/housing/property/lake-walk-at-traditions-apartments/hh29sv1,2,2,"$1,215","1,040",1,1,0.7,West
Lake Walk at Traditions Apartments,https://aggiesearch.tamu.edu/housing/property/lake-walk-at-traditions-apartments/hh29sv1,2,2,"$1,385","1,055",1,1,0.7,West
Lake Walk at Traditions Apartments,https://aggiesearch.tamu.edu/housing/property/lake-walk-at-traditions-apartments/hh29sv1,2,2,"$1,391","1,070",1,1,0.7,West
Lake Walk at Traditions Apartments,https://aggiesearch.tamu.edu/housing/property/lake-walk-at-traditions-apartments/hh29sv1,2,2,"$1,395","1,177",1,1,0.7,West
Lake Walk at Traditions Apartments,https://aggiesearch.tamu.edu/housing/property/lake-walk-at-traditions-apartments/hh29sv1,2,2,"$1,422","1,173",1,1,0.7,West
Lake Walk at Traditions Apartments,https://aggiesearch.tamu.edu/housing/property/lake-walk-at-traditions-apartments/hh29sv1,2,2,"$1,445","1,117",1,1,0.7,West
Lake Walk at Traditions Apartments,https://aggiesearch.tamu.edu/housing/property/lake-walk-at-traditions-apartments/hh29sv1,2,2,"$1,445","1,203",1,1,0.7,West
Lake Walk at Traditions Apartments,https://aggiesearch.tamu.edu/housing/property/lake-walk-at-traditions-apartments/hh29sv1,2,2,"$1,450","1,186",1,1,0.7,West
Lake Walk at Traditions Apartments,https://aggiesearch.tamu.edu/housing/property/lake-walk-at-traditions-apartments/hh29sv1,2,2,"$1,459","1,133",1,1,0.7,West
Lake Walk at Traditions Apartments,https://aggiesearch.tamu.edu/housing/property/lake-walk-at-traditions-apartments/hh29sv1,2,2,"$1,479","1,055",1,1,0.7,West
Lake Walk at Traditions Apartments,https://aggiesearch.tamu.edu/housing/property/lake-walk-at-traditions-apartments/hh29sv1,2,2,"$1,580","1,133",1,1,0.7,West
Lake Walk at Traditions Apartments,https://aggiesearch.tamu.edu/housing/property/lake-walk-at-traditions-apartments/hh29sv1,2,2,"$1,609","1,272",1,1,0.7,West
Lake Walk at Traditions Apartments,https://aggiesearch.tamu.edu/housing/property/lake-walk-at-traditions-apartments/hh29sv1,2,2,"$1,615","1,133",1,1,0.7,West
Lake Walk at Traditions Apartments,https://aggiesearch.tamu.edu/housing/property/lake-walk-at-traditions-apartments/hh29sv1,2,2,"$1,675","1,225",1,1,0.7,West
Lake Walk at Traditions Apartments,https://aggiesearch.tamu.edu/housing/property/lake-walk-at-traditions-apartments/hh29sv1,2,2,"$1,679","1,186",1,1,0.7,West
Lake Walk at Traditions Apartments,https://aggiesearch.tamu.edu/housing/property/lake-walk-at-traditions-apartments/hh29sv1,2,2,"$1,684","1,283",1,1,0.7,West
Lake Walk at Traditions Apartments,https://aggiesearch.tamu.edu/housing/property/lake-walk-at-traditions-apartments/hh29sv1,3,2,"$1,517",1334 - 1411,1,1,0.7,West
Lake Walk at Traditions Apartments,https://aggiesearch.tamu.edu/housing/property/lake-walk-at-traditions-apartments/hh29sv1,3,2,"$1,655",1334 - 1411,1,1,0.7,West
Corporate Condo/Townhome--Short Term or Long Term Lease,https://aggiesearch.tamu.edu/housing/property/corporate-condo-townhome-short-term-or-long-term-lease/ocpw1hq38k,2,2.5,"$2,500","1,133",0,1,1.9,East
Caprock Crossing,https://aggiesearch.tamu.edu/housing/property/caprock-crossing/1tj0kr7,1,1,"$1,065",713,0,1,8.4,South
Caprock Crossing,https://aggiesearch.tamu.edu/housing/property/caprock-crossing/1tj0kr7,1,1,"$1,100",773,0,1,8.4,South
Caprock Crossing,https://aggiesearch.tamu.edu/housing/property/caprock-crossing/1tj0kr7,1,1,"$1,325",901,0,1,8.4,South
Caprock Crossing,https://aggiesearch.tamu.edu/housing/property/caprock-crossing/1tj0kr7,2,2,"$1,370",915,0,1,8.4,South
Caprock Crossing,https://aggiesearch.tamu.edu/housing/property/caprock-crossing/1tj0kr7,2,2,"$1,485","1,017",0,1,8.4,South
Caprock Crossing,https://aggiesearch.tamu.edu/housing/property/caprock-crossing/1tj0kr7,2,2,"$1,720","1,199",0,1,8.4,South
Caprock Crossing,https://aggiesearch.tamu.edu/housing/property/caprock-crossing/1tj0kr7,3,2,"$1,755","1,303",0,1,8.4,South
"Townhouse near campus 3 BR 1 1/2 BA, 1152 sqf with backyard, carport , on TAMU bus route (Shared Space)",https://aggiesearch.tamu.edu/housing/property/townhouse-near-campus-3-br-1-1-2-ba-1152-sqf-with-backyard-carport-on-tamu-bus-route/ocp0f22jk2,3,1.5,$985,"1,152",0,0,2.1,South
U Centre at Northgate Apartments,https://aggiesearch.tamu.edu/housing/property/u-centre-at-northgate/ocpth9188c,4,4,$704 / Bedroom,,0,1,0.3,Central
U Centre at Northgate Apartments,https://aggiesearch.tamu.edu/housing/property/u-centre-at-northgate/ocpth9188c,4,4.5,$759 / Bedroom,,0,1,0.3,Central
U Centre at Northgate Apartments,https://aggiesearch.tamu.edu/housing/property/u-centre-at-northgate/ocpth9188c,4,4,$689 / Bedroom,,0,1,0.3,Central
1 Master bedroom in a 3b house Townhome (Shared Space),https://aggiesearch.tamu.edu/housing/property/1-master-bedroom-in-a-3b-house/ocpvr2h6ye,1,1,$590 / Bedroom,,0,0,1.9,South
The Presidio Apartments,https://aggiesearch.tamu.edu/housing/property/the-presidio-apartments/nn2801m,2,2,"$1,034 - $1,195",961,0,1,0.5,North
The Presidio Apartments,https://aggiesearch.tamu.edu/housing/property/the-presidio-apartments/nn2801m,2,2,"$1,034",961,0,1,0.5,North
The Presidio Apartments,https://aggiesearch.tamu.edu/housing/property/the-presidio-apartments/nn2801m,1,1,"$919 - $1,060",760,0,1,0.5,North
The Presidio Apartments,https://aggiesearch.tamu.edu/housing/property/the-presidio-apartments/nn2801m,1,1,$919,760,0,1,0.5,North
The Presidio Apartments,https://aggiesearch.tamu.edu/housing/property/the-presidio-apartments/nn2801m,1,1,"$819 - $1,040",623,0,1,0.5,North
The Presidio Apartments,https://aggiesearch.tamu.edu/housing/property/the-presidio-apartments/nn2801m,1,1,$819,623,0,1,0.5,North
The Presidio Apartments,https://aggiesearch.tamu.edu/housing/property/the-presidio-apartments/nn2801m,1,1,$819,623,0,1,0.5,North
The Presidio Apartments,https://aggiesearch.tamu.edu/housing/property/the-presidio-apartments/nn2801m,1,1,"$900 - $1,010",665,0,1,0.5,North
The Presidio Apartments,https://aggiesearch.tamu.edu/housing/property/the-presidio-apartments/nn2801m,2,2,"$1,095 - $1,345","1,086",0,1,0.5,North
The Presidio Apartments,https://aggiesearch.tamu.edu/housing/property/the-presidio-apartments/nn2801m,2,2,"$1,155 - $1,405","1,170",0,1,0.5,North
The Presidio Apartments,https://aggiesearch.tamu.edu/housing/property/the-presidio-apartments/nn2801m,3,2,"$1,270 - $1,370","1,215",0,1,0.5,North
"708 San Mario, College Station Rental",https://aggiesearch.tamu.edu/housing/property/708-san-mario-college-station/ocp6r1ng7s,3,1.5,$1100,"1,050",0,0,3.3,South
U Club Townhomes on Marion Pugh,https://aggiesearch.tamu.edu/housing/property/u-club-townhomes-on-marion-pugh/ocp4gpzz8j,4,4,"$599 / Bedroom",,0,1,1.6,South
U Club Townhomes on Marion Pugh,https://aggiesearch.tamu.edu/housing/property/u-club-townhomes-on-marion-pugh/ocp4gpzz8j,4,4,"$559 / Bedroom",,0,1,1.6,South
"3809 Oaklawn, house close to campus Rental",https://aggiesearch.tamu.edu/housing/property/3809-oaklawn-house-close-to-campus/ocpmpdvnmk,4,4.5,"$2,300","2,100",0,0,0.7,Central
The Element at University Park Apartments,https://aggiesearch.tamu.edu/housing/property/the-element-at-university-park/nkt941m,2,2,$563 - $643 / Bedroom,450,0,0,1.4,East
The Element at University Park Apartments,https://aggiesearch.tamu.edu/housing/property/the-element-at-university-park/nkt941m,2,2,$643,450,0,0,1.4,East
The Element at University Park Apartments,https://aggiesearch.tamu.edu/housing/property/the-element-at-university-park/nkt941m,2,2,"$1,105 - $1,135",900,0,0,1.4,East
The Element at University Park Apartments,https://aggiesearch.tamu.edu/housing/property/the-element-at-university-park/nkt941m,2,2,"$1,105",900,0,0,1.4,East
The Element at University Park Apartments,https://aggiesearch.tamu.edu/housing/property/the-element-at-university-park/nkt941m,2,2,$563 / Bedroom,450,0,0,1.4,East
The Element at University Park Apartments,https://aggiesearch.tamu.edu/housing/property/the-element-at-university-park/nkt941m,2,2,$563,450,0,0,1.4,East
The Element at University Park Apartments,https://aggiesearch.tamu.edu/housing/property/the-element-at-university-park/nkt941m,2,2,"$1,005 - $1,075",837,0,0,1.4,East
The Element at University Park Apartments,https://aggiesearch.tamu.edu/housing/property/the-element-at-university-park/nkt941m,2,1.5,"$1,027",837,0,0,1.4,East
The Element at University Park Apartments,https://aggiesearch.tamu.edu/housing/property/the-element-at-university-park/nkt941m,2,2,$573,450,0,0,1.4,East
The Element at University Park Apartments,https://aggiesearch.tamu.edu/housing/property/the-element-at-university-park/nkt941m,2,2,$598,450,0,0,1.4,East
The Element at University Park Apartments,https://aggiesearch.tamu.edu/housing/property/the-element-at-university-park/nkt941m,2,2,"$1,115",900,0,0,1.4,East
The Element at University Park Apartments,https://aggiesearch.tamu.edu/housing/property/the-element-at-university-park/nkt941m,2,2,$563,450,0,0,1.4,East
The Element at University Park Apartments,https://aggiesearch.tamu.edu/housing/property/the-element-at-university-park/nkt941m,2,2,$563,450,0,0,1.4,East
The Element at University Park Apartments,https://aggiesearch.tamu.edu/housing/property/the-element-at-university-park/nkt941m,2,2,"$1,005",837,0,0,1.4,East
The Element at University Park Apartments,https://aggiesearch.tamu.edu/housing/property/the-element-at-university-park/nkt941m,2,2,"$1,005",837,0,0,1.4,East
The Element at University Park Apartments,https://aggiesearch.tamu.edu/housing/property/the-element-at-university-park/nkt941m,2,2,"$1,015",837,0,0,1.4,East
The Element at University Park Apartments,https://aggiesearch.tamu.edu/housing/property/the-element-at-university-park/nkt941m,2,2,"$1,040",837,0,0,1.4,East
The Element at University Park Apartments,https://aggiesearch.tamu.edu/housing/property/the-element-at-university-park/nkt941m,2,2,"$1,045",837,0,0,1.4,East
The Element at University Park Apartments,https://aggiesearch.tamu.edu/housing/property/the-element-at-university-park/nkt941m,2,1.5,"$1,027",837,0,0,1.4,East
The Element at University Park Apartments,https://aggiesearch.tamu.edu/housing/property/the-element-at-university-park/nkt941m,2,1.5,"$1,027",837,0,0,1.4,East
The Element at University Park Apartments,https://aggiesearch.tamu.edu/housing/property/the-element-at-university-park/nkt941m,2,2,$563,450,0,0,1.4,East
The Element at University Park Apartments,https://aggiesearch.tamu.edu/housing/property/the-element-at-university-park/nkt941m,2,2,$588,450,0,0,1.4,East
The Element at University Park Apartments,https://aggiesearch.tamu.edu/housing/property/the-element-at-university-park/nkt941m,2,2,"$1,115",900,0,0,1.4,East
The Element at University Park Apartments,https://aggiesearch.tamu.edu/housing/property/the-element-at-university-park/nkt941m,1,1,$924 - $939,683,0,0,1.4,East
The Element at University Park Apartments,https://aggiesearch.tamu.edu/housing/property/the-element-at-university-park/nkt941m,1,1,$939,683,0,0,1.4,East
The Element at University Park Apartments,https://aggiesearch.tamu.edu/housing/property/the-element-at-university-park/nkt941m,2,2,"$1,135",900,0,0,1.4,East
The Element at University Park Apartments,https://aggiesearch.tamu.edu/housing/property/the-element-at-university-park/nkt941m,2,2,"$1,075",837,0,0,1.4,East
The Element at University Park Apartments,https://aggiesearch.tamu.edu/housing/property/the-element-at-university-park/nkt941m,2,2,$563,450,0,0,1.4,East
The Element at University Park Apartments,https://aggiesearch.tamu.edu/housing/property/the-element-at-university-park/nkt941m,1,1,$924,683,0,0,1.4,East
The Element at University Park Apartments,https://aggiesearch.tamu.edu/housing/property/the-element-at-university-park/nkt941m,1,1,$889,638,0,0,1.4,East
2x2 at the tradition Apartments (Shared Space),https://aggiesearch.tamu.edu/housing/property/2x2-at-the-tradition/ocpblctfm8,1,2,$610 / Bedroom,,0,1,0.3,Central
The Zone Apartments,https://aggiesearch.tamu.edu/housing/property/the-zone/9h39zc6,1,1,$859,565,0,1,1.3,South
The Zone Apartments,https://aggiesearch.tamu.edu/housing/property/the-zone/9h39zc6,2,2,$525 / Bedroom,866,0,1,1.3,South
The Zone Apartments,https://aggiesearch.tamu.edu/housing/property/the-zone/9h39zc6,3,3,$419 / Bedroom,"1,107",0,1,1.3,South
The Zone Apartments,https://aggiesearch.tamu.edu/housing/property/the-zone/9h39zc6,3,3,$449 / Bedroom,"1,149",0,1,1.3,South
The Zone Apartments,https://aggiesearch.tamu.edu/housing/property/the-zone/9h39zc6,4,2,$409 / Bedroom,"1,289",0,1,1.3,South
The Zone Apartments,https://aggiesearch.tamu.edu/housing/property/the-zone/9h39zc6,4,4,$449 / Bedroom,"1,398",0,1,1.3,South
"Park West AptsTake over lease that expires in July 2021, 6th Floor fully furnished, private  (Sublet / Shared Space)",https://aggiesearch.tamu.edu/housing/property/park-west-aptstake-over-lease-that-expires-in-july-2021-6th-floor-fully-furnished-private-/ocp8b49jt2,1,1,$645 / Bedroom,,0,1,1.1,South
Uptown 408 Apartments,https://aggiesearch.tamu.edu/housing/property/uptown-408/le41lpf,1,1.5,$1175,829,0,0,0.5,Central
"The Cottages Apartments, close to campus and furnished (Sublet)",https://aggiesearch.tamu.edu/housing/property/the-cottages-apartments-close-to-campus-and-furnished/ocpnhjwwzm,1,4,$515 - $545 / Bedroom,"1,408",0,1,1.5,South
Park West Tower 4x4 Apartments (Sublet),https://aggiesearch.tamu.edu/housing/property/park-west-tower-4x4-apartments/ocpl417xxe,1,4,$770 / Bedroom,"1,361",0,1,0.9,South
Crossing Place Apartments,https://aggiesearch.tamu.edu/housing/property/crossing-place/pl57czt,4,2,$379 / Bedroom,"1,107",0,1,2.5,South
1810 Treehouse Trail. Move in ready! Rental,https://aggiesearch.tamu.edu/housing/property/1810-treehouse-trail-move-in-ready/ocph7mznq3,3,2,"$1,100","1,260",0,0,2.7,South
Callaway Villas Apartments,https://aggiesearch.tamu.edu/housing/property/callaway-villas/ocpshbrhg5,2,2,$729 / Bedroom,,0,1,1.6,South
Callaway Villas Apartments,https://aggiesearch.tamu.edu/housing/property/callaway-villas/ocpshbrhg5,2,2.5,$589 / Bedroom,,0,1,1.6,South
Callaway Villas Apartments,https://aggiesearch.tamu.edu/housing/property/callaway-villas/ocpshbrhg5,4,2.5,$494 / Bedroom,,0,1,1.6,South
Callaway Villas Apartments,https://aggiesearch.tamu.edu/housing/property/callaway-villas/ocpshbrhg5,4,4,$544 / Bedroom,,0,1,1.6,South
Callaway Villas Apartments,https://aggiesearch.tamu.edu/housing/property/callaway-villas/ocpshbrhg5,4,4,$559 / Bedroom,,0,1,1.6,South
"Brand New House w/ move in date of August 13, 2021 ISO one male roommate Rental (Sublet)",https://aggiesearch.tamu.edu/housing/property/brand-new-house-w-move-in-date-of-august-13-2021-iso-one-male-roommate/ocp4v1tr7h,5,5,$640 / Bedroom,,0,0,3.1,South
Ariza College Station Apartments,https://aggiesearch.tamu.edu/housing/property/ariza-college-station/ddgddfl,2,2,"$1,330","1,040",0,1,2.8,East
Ariza College Station Apartments,https://aggiesearch.tamu.edu/housing/property/ariza-college-station/ddgddfl,2,2,"$1,330","1,040",0,1,2.8,East
Ariza College Station Apartments,https://aggiesearch.tamu.edu/housing/property/ariza-college-station/ddgddfl,1,1,$955,660,0,1,2.8,East
Ariza College Station Apartments,https://aggiesearch.tamu.edu/housing/property/ariza-college-station/ddgddfl,1,1,"$1,030",744,0,1,2.8,East
Ariza College Station Apartments,https://aggiesearch.tamu.edu/housing/property/ariza-college-station/ddgddfl,1,1,"$1,035",735,0,1,2.8,East
Ariza College Station Apartments,https://aggiesearch.tamu.edu/housing/property/ariza-college-station/ddgddfl,1,1,"$1,060",752,0,1,2.8,East
Ariza College Station Apartments,https://aggiesearch.tamu.edu/housing/property/ariza-college-station/ddgddfl,2,2,"$1,315","1,007",0,1,2.8,East
Ariza College Station Apartments,https://aggiesearch.tamu.edu/housing/property/ariza-college-station/ddgddfl,2,2,"$1,325","1,037",0,1,2.8,East
Ariza College Station Apartments,https://aggiesearch.tamu.edu/housing/property/ariza-college-station/ddgddfl,2,2,"$1,330","1,042",0,1,2.8,East
Ariza College Station Apartments,https://aggiesearch.tamu.edu/housing/property/ariza-college-station/ddgddfl,3,2,"$1,590","1,273",0,1,2.8,East
Lincoln Avenue House Rental (Shared Space),https://aggiesearch.tamu.edu/housing/property/lincoln-avenue-house/ocpb0pj4zb,1,2,$600 / Bedroom,"1,300",0,0,1.2,East
Forest Pines Apartments,https://aggiesearch.tamu.edu/housing/property/forest-pines-apartments/3m6vvtg,1,1,$950,731,0,1,1.1,North
Forest Pines Apartments,https://aggiesearch.tamu.edu/housing/property/forest-pines-apartments/3m6vvtg,1,1,$999,731,0,1,1.1,North
Forest Pines Apartments,https://aggiesearch.tamu.edu/housing/property/forest-pines-apartments/3m6vvtg,2,2,"$1,100",983,0,1,1.1,North
Forest Pines Apartments,https://aggiesearch.tamu.edu/housing/property/forest-pines-apartments/3m6vvtg,2,2,"$1,175",983,0,1,1.1,North
The Lofts at Wolf Pen Creek,https://aggiesearch.tamu.edu/housing/property/the-lofts-at-wolf-pen-creek/zx536cx,1,1,"$1,100 / Bedroom",863,0,1,1.4,South
The Lofts at Wolf Pen Creek,https://aggiesearch.tamu.edu/housing/property/the-lofts-at-wolf-pen-creek/zx536cx,2,2,$640 / Bedroom,950,0,1,1.4,South
The Lofts at Wolf Pen Creek,https://aggiesearch.tamu.edu/housing/property/the-lofts-at-wolf-pen-creek/zx536cx,2,2,$640 / Bedroom,982,0,1,1.4,South
The Lofts at Wolf Pen Creek,https://aggiesearch.tamu.edu/housing/property/the-lofts-at-wolf-pen-creek/zx536cx,2,2,$680 / Bedroom,"1,025",0,1,1.4,South
The Lofts at Wolf Pen Creek,https://aggiesearch.tamu.edu/housing/property/the-lofts-at-wolf-pen-creek/zx536cx,2,2,$690 / Bedroom,"1,084",0,1,1.4,South
The Lofts at Wolf Pen Creek,https://aggiesearch.tamu.edu/housing/property/the-lofts-at-wolf-pen-creek/zx536cx,2,2.5,$710 / Bedroom,"1,315",0,1,1.4,South
The Lofts at Wolf Pen Creek,https://aggiesearch.tamu.edu/housing/property/the-lofts-at-wolf-pen-creek/zx536cx,2,2,$790 / Bedroom,"1,277",0,1,1.4,South
The Lofts at Wolf Pen Creek,https://aggiesearch.tamu.edu/housing/property/the-lofts-at-wolf-pen-creek/zx536cx,3,3,$545 / Bedroom,"1,223",0,1,1.4,South
The Lofts at Wolf Pen Creek,https://aggiesearch.tamu.edu/housing/property/the-lofts-at-wolf-pen-creek/zx536cx,4,4,$510 / Bedroom,"1,356",0,1,1.4,South
The Lofts at Wolf Pen Creek,https://aggiesearch.tamu.edu/housing/property/the-lofts-at-wolf-pen-creek/zx536cx,4,4,$535 / Bedroom,"1,947",0,1,1.4,South
The Lofts at Wolf Pen Creek,https://aggiesearch.tamu.edu/housing/property/the-lofts-at-wolf-pen-creek/zx536cx,1,1,$960 / Bedroom,612,0,1,1.4,South
Bosque Rental (Shared Space),https://aggiesearch.tamu.edu/housing/property/bosque/ocpyw4w91s,2,1.5,$675,700,0,0,2.8,South
Callaway Villas Apartments,https://aggiesearch.tamu.edu/housing/property/callaway-villas/ocpshbrhg5,2,2,$729 / Bedroom,,0,1,1.6,South
Callaway Villas Apartments,https://aggiesearch.tamu.edu/housing/property/callaway-villas/ocpshbrhg5,2,2.5,$589 / Bedroom,,0,1,1.6,South
Callaway Villas Apartments,https://aggiesearch.tamu.edu/housing/property/callaway-villas/ocpshbrhg5,4,2.5,$494 / Bedroom,,0,1,1.6,South
Callaway Villas Apartments,https://aggiesearch.tamu.edu/housing/property/callaway-villas/ocpshbrhg5,4,4,$544 / Bedroom,,0,1,1.6,South
Callaway Villas Apartments,https://aggiesearch.tamu.edu/housing/property/callaway-villas/ocpshbrhg5,4,4,$559 / Bedroom,,0,1,1.6,South
Furnished 3/2 Townhome Across from Campus Golf Course,https://aggiesearch.tamu.edu/housing/property/furnished-3-2-townhome-across-from-campus-golf-course/ocpv18hjve,3,2,"$1,850","1,350",0,0,0.6,South
Park West Apartments,https://aggiesearch.tamu.edu/housing/property/park-west/6b6fkqs,4,4,$690 - $790 / Bedroom,"1,361",0,1,1.2,South
Park West Apartments,https://aggiesearch.tamu.edu/housing/property/park-west/6b6fkqs,4,4,$715 - $815 / Bedroom,"1,435",0,1,1.2,South
Park West Apartments,https://aggiesearch.tamu.edu/housing/property/park-west/6b6fkqs,Studio,1,"$1,049 / Bedroom",455,0,1,1.2,South
Park West Apartments,https://aggiesearch.tamu.edu/housing/property/park-west/6b6fkqs,1,1,"$1,110 / Bedroom",467,0,1,1.2,South
Park West Apartments,https://aggiesearch.tamu.edu/housing/property/park-west/6b6fkqs,1,1,"$1,125 / Bedroom",467,0,1,1.2,South
Park West Apartments,https://aggiesearch.tamu.edu/housing/property/park-west/6b6fkqs,1,1,"$1,165 / Bedroom",615,0,1,1.2,South
Park West Apartments,https://aggiesearch.tamu.edu/housing/property/park-west/6b6fkqs,2,2,$785 / Bedroom,905,0,1,1.2,South
Park West Apartments,https://aggiesearch.tamu.edu/housing/property/park-west/6b6fkqs,2,2,$790 / Bedroom,714,0,1,1.2,South
Park West Apartments,https://aggiesearch.tamu.edu/housing/property/park-west/6b6fkqs,2,2,$795 - $895 / Bedroom,714,0,1,1.2,South
Park West Apartments,https://aggiesearch.tamu.edu/housing/property/park-west/6b6fkqs,3,3,$710 / Bedroom,"1,170",0,1,1.2,South
Park West Apartments,https://aggiesearch.tamu.edu/housing/property/park-west/6b6fkqs,3,3,$725 / Bedroom,"1,105",0,1,1.2,South
Park West Apartments,https://aggiesearch.tamu.edu/housing/property/park-west/6b6fkqs,3,3,$725 / Bedroom,"1,105",0,1,1.2,South
Park West Apartments,https://aggiesearch.tamu.edu/housing/property/park-west/6b6fkqs,3,3,$735 / Bedroom,"1,178",0,1,1.2,South
Park West Apartments,https://aggiesearch.tamu.edu/housing/property/park-west/6b6fkqs,4,2,$535 / Bedroom,"1,191",0,1,1.2,South
Park West Apartments,https://aggiesearch.tamu.edu/housing/property/park-west/6b6fkqs,4,2,$580 / Bedroom,"1,191",0,1,1.2,South
Park West Apartments,https://aggiesearch.tamu.edu/housing/property/park-west/6b6fkqs,4,2,$585 / Bedroom,"1,316",0,1,1.2,South
Park West Apartments,https://aggiesearch.tamu.edu/housing/property/park-west/6b6fkqs,4,2,$615 / Bedroom,"1,316",0,1,1.2,South
Park West Apartments,https://aggiesearch.tamu.edu/housing/property/park-west/6b6fkqs,4,4,$665 - $765 / Bedroom,"1,435",0,1,1.2,South
Wolf Run Condos,https://aggiesearch.tamu.edu/housing/property/wolf-run-condos/ocp7r115pz,2,2,$550 / Bedroom,"1,100",0,0,0.7,Central
PRE LEASE for fall Male roommate needed for 4/4 UNIVERSITY PLACE CONDO (Shared Space),https://aggiesearch.tamu.edu/housing/property/pre-lease-for-fall-male-roommate-needed-for-4-4-university-place-condo/ocpjemrkq4,4,4,$350 / Bedroom,"1,236",0,0,2.6,South
Steeple Chase near Welborne HEB Rental (Shared Space),https://aggiesearch.tamu.edu/housing/property/steeple-chase-near-welborne-heb/ocpgx669dz,1,2,$500 - $650 / Bedroom,"1,300",0,0,3.1,South
Apartment The Tradition - 2Bx2B - sublet 1 or 2 bedroom (Sublet / Shared Space),https://aggiesearch.tamu.edu/housing/property/apartment-the-tradition-2bx2b-sublet-1-or-2-bedroom/ocpr41k8r3,2,2,$610 / Bedroom,,0,1,0.3,Central
The Tradition Apartments (Sublet / Shared Space),https://aggiesearch.tamu.edu/housing/property/the-tradition/ocpqtrl0dz,1,1,$595 / Bedroom,538,0,1,0.3,Central
Cherry Street Apartments at Northgate,https://aggiesearch.tamu.edu/housing/property/cherry-street-apartments-at-northgate/d7ms87l,2,2,$699 / Bedroom,818,0,1,0.4,Central
"Condo located near A&M campus, shopping, restaurants and bars (Shared Space)",https://aggiesearch.tamu.edu/housing/property/condo-located-near-a-and-m-campus-shopping-restaurants-and-bars/ocpmml37vh,1,2.5,$500 - $650 / Bedroom,"1,200",0,0,1.2,South
Aggie Station Apartments,https://aggiesearch.tamu.edu/housing/property/aggie-station-apartments/ocp7rzt1bw,2,2,$629 / Bedroom,,0,1,0.8,Central
Aggie Station Apartments,https://aggiesearch.tamu.edu/housing/property/aggie-station-apartments/ocp7rzt1bw,3,3,$554 / Bedroom,,0,1,0.8,Central
Aggie Station Apartments,https://aggiesearch.tamu.edu/housing/property/aggie-station-apartments/ocp7rzt1bw,4,4,$534 / Bedroom,,0,1,0.8,Central
Steeplechase neighborhood Rental (Shared Space),https://aggiesearch.tamu.edu/housing/property/steeplechase-neighborhood/ocpc8nbdsd,1,2,$600 / Bedroom,,0,0,3,South
Stanford Rental (Shared Space),https://aggiesearch.tamu.edu/housing/property/stanford/ocpl46c12g,2,1.5,$825,850,0,0,1.4,South
Wild Plum House Rental (Shared Space),https://aggiesearch.tamu.edu/housing/property/wild-plum-house/ocplq69r2d,4,4,$425 / Bedroom,,0,0,4.1,South
Camber Villas Apartments,https://aggiesearch.tamu.edu/housing/property/camber-villas/yhv4jyv,1,1,"$1,039 - $1,164",593,0,1,2.9,North
Camber Villas Apartments,https://aggiesearch.tamu.edu/housing/property/camber-villas/yhv4jyv,1,1,"$1,039",593,0,1,2.9,North
Camber Villas Apartments,https://aggiesearch.tamu.edu/housing/property/camber-villas/yhv4jyv,1,1,"$1,059 - $1,184",664,0,1,2.9,North
Camber Villas Apartments,https://aggiesearch.tamu.edu/housing/property/camber-villas/yhv4jyv,1,1,"$1,059",664,0,1,2.9,North
Camber Villas Apartments,https://aggiesearch.tamu.edu/housing/property/camber-villas/yhv4jyv,2,2,$629 - $754 / Bedroom,887,0,1,2.9,North
Camber Villas Apartments,https://aggiesearch.tamu.edu/housing/property/camber-villas/yhv4jyv,2,2,"$629/Bedroom",887,0,1,2.9,North
Camber Villas Apartments,https://aggiesearch.tamu.edu/housing/property/camber-villas/yhv4jyv,2,2,$699/Bedroom,976,0,1,2.9,North
Camber Villas Apartments,https://aggiesearch.tamu.edu/housing/property/camber-villas/yhv4jyv,2,2,$699/Bedroom,976,0,1,2.9,North
Camber Villas Apartments,https://aggiesearch.tamu.edu/housing/property/camber-villas/yhv4jyv,2,2,$699 - $824 / Bedroom,936,0,1,2.9,North
Camber Villas Apartments,https://aggiesearch.tamu.edu/housing/property/camber-villas/yhv4jyv,2,2,$699/Bedroom,936,0,1,2.9,North
Camber Villas Apartments,https://aggiesearch.tamu.edu/housing/property/camber-villas/yhv4jyv,3,3,$619 - $744 / Bedroom,"1,313",0,1,2.9,North
Camber Villas Apartments,https://aggiesearch.tamu.edu/housing/property/camber-villas/yhv4jyv,3,3,$619/Bedroom,"1,313",0,1,2.9,North
Camber Villas Apartments,https://aggiesearch.tamu.edu/housing/property/camber-villas/yhv4jyv,4,4,$549 - $674 / Bedroom,"1,524",0,1,2.9,North
Camber Villas Apartments,https://aggiesearch.tamu.edu/housing/property/camber-villas/yhv4jyv,4,4,$549/Bedroom,"1,524",0,1,2.9,North
Camber Villas Apartments,https://aggiesearch.tamu.edu/housing/property/camber-villas/yhv4jyv,4,4,$569 - $694 / Bedroom,"1,709",0,1,2.9,North
Camber Villas Apartments,https://aggiesearch.tamu.edu/housing/property/camber-villas/yhv4jyv,4,4,$569/Bedroom,"1,709",0,1,2.9,North
Camber Villas Apartments,https://aggiesearch.tamu.edu/housing/property/camber-villas/yhv4jyv,1,1,"$1,039",593,0,1,2.9,North
Camber Villas Apartments,https://aggiesearch.tamu.edu/housing/property/camber-villas/yhv4jyv,1,1,"$1,164",593,0,1,2.9,North
Camber Villas Apartments,https://aggiesearch.tamu.edu/housing/property/camber-villas/yhv4jyv,1,1,"$1,059",664,0,1,2.9,North
Camber Villas Apartments,https://aggiesearch.tamu.edu/housing/property/camber-villas/yhv4jyv,1,1,"$1,184",664,0,1,2.9,North
Camber Villas Apartments,https://aggiesearch.tamu.edu/housing/property/camber-villas/yhv4jyv,2,2,$629/Bedroom,887,0,1,2.9,North
Camber Villas Apartments,https://aggiesearch.tamu.edu/housing/property/camber-villas/yhv4jyv,2,2,$754/Bedroom,887,0,1,2.9,North
Camber Villas Apartments,https://aggiesearch.tamu.edu/housing/property/camber-villas/yhv4jyv,2,2,$699/Bedroom,976,0,1,2.9,North
Camber Villas Apartments,https://aggiesearch.tamu.edu/housing/property/camber-villas/yhv4jyv,2,2,$699/Bedroom,976,0,1,2.9,North
Camber Villas Apartments,https://aggiesearch.tamu.edu/housing/property/camber-villas/yhv4jyv,2,2,$699/Bedroom,936,0,1,2.9,North
Camber Villas Apartments,https://aggiesearch.tamu.edu/housing/property/camber-villas/yhv4jyv,2,2,$824/Bedroom,936,0,1,2.9,North
Camber Villas Apartments,https://aggiesearch.tamu.edu/housing/property/camber-villas/yhv4jyv,3,3,$619/Bedroom,"1,313",0,1,2.9,North
Camber Villas Apartments,https://aggiesearch.tamu.edu/housing/property/camber-villas/yhv4jyv,3,3,$744/Bedroom,"1,313",0,1,2.9,North
Camber Villas Apartments,https://aggiesearch.tamu.edu/housing/property/camber-villas/yhv4jyv,4,4,$549/Bedroom,"1,524",0,1,2.9,North
Camber Villas Apartments,https://aggiesearch.tamu.edu/housing/property/camber-villas/yhv4jyv,4,4,$674/Bedroom,"1,524",0,1,2.9,North
Camber Villas Apartments,https://aggiesearch.tamu.edu/housing/property/camber-villas/yhv4jyv,4,4,$569/Bedroom,"1,709",0,1,2.9,North
Camber Villas Apartments,https://aggiesearch.tamu.edu/housing/property/camber-villas/yhv4jyv,4,4,$694/Bedroom,"1,709",0,1,2.9,North
University Terrace Apartments (Shared Space),https://aggiesearch.tamu.edu/housing/property/university-terrace-apartments/ocp9p5hqs6,1,1.5, $410 / Bedroom,"1,350",0,0,0.2,South
Aspen Heights Townhome,https://aggiesearch.tamu.edu/housing/property/aspen-heights/ocpq6v1ncx,5,5.5,$619 / Bedroom,,0,1,2,South
100 Park Apartments,https://aggiesearch.tamu.edu/housing/property/100-park/9dw99d7,2,2,"$1,788","1,019",0,1,0.4,Central
100 Park Apartments,https://aggiesearch.tamu.edu/housing/property/100-park/9dw99d7,2,2,"$1,851 - $2,046",1052 - 1084,0,1,0.4,Central
102 Park Apartments,https://aggiesearch.tamu.edu/housing/property/100-park/9dw99d7,2,2,"$1,851","1,084",0,1,0.4,Central
103 Park Apartments,https://aggiesearch.tamu.edu/housing/property/100-park/9dw99d7,2,2,"$1,851","1,084",0,1,0.4,Central
104 Park Apartments,https://aggiesearch.tamu.edu/housing/property/100-park/9dw99d7,2,2,"$1,876","1,084",0,1,0.4,Central
105 Park Apartments,https://aggiesearch.tamu.edu/housing/property/100-park/9dw99d7,2,2,"$1,951","1,084",0,1,0.4,Central
106 Park Apartments,https://aggiesearch.tamu.edu/housing/property/100-park/9dw99d7,2,2,"$2,046","1,052",0,1,0.4,Central
107 Park Apartments,https://aggiesearch.tamu.edu/housing/property/100-park/9dw99d7,1,1,"$1,279",696,0,1,0.4,Central
108 Park Apartments,https://aggiesearch.tamu.edu/housing/property/100-park/9dw99d7,1,1,"$1,279",696,0,1,0.4,Central
109 Park Apartments,https://aggiesearch.tamu.edu/housing/property/100-park/9dw99d7,1,1,"$1,379 - $1,422",742 - 759,0,1,0.4,Central
110 Park Apartments,https://aggiesearch.tamu.edu/housing/property/100-park/9dw99d7,1,1,"$1,422",759,0,1,0.4,Central
111 Park Apartments,https://aggiesearch.tamu.edu/housing/property/100-park/9dw99d7,2,2,"$1,951","1,084",0,1,0.4,Central
112 Park Apartments,https://aggiesearch.tamu.edu/housing/property/100-park/9dw99d7,1,1,"$1,379",742,0,1,0.4,Central
113 Park Apartments,https://aggiesearch.tamu.edu/housing/property/100-park/9dw99d7,2,2,"$1,876","1,084",0,1,0.4,Central
114 Park Apartments,https://aggiesearch.tamu.edu/housing/property/100-park/9dw99d7,2,2,"$1,951","1,084",0,1,0.4,Central
"House in Edgewater Subdivision, Bryan, very close to campus, restaurants, shopping centers, etc. Rental (Shared Space)",https://aggiesearch.tamu.edu/housing/property/house-in-edgewater-subdivision-bryan-very-close-to-campus-restaurants-shopping-centers-etc/ocp40re44k,3,2,$700 - $800 / Bedroom,"1,500",0,0,2.5,West
Gateway At College Station Apartments,https://aggiesearch.tamu.edu/housing/property/gateway-at-college-station/wjzwqth,1,1,$975 / Bedroom,573,0,1,1.6,South
Gateway At College Station Apartments,https://aggiesearch.tamu.edu/housing/property/gateway-at-college-station/wjzwqth,4,2,$395 / Bedroom,"1,279",0,1,1.6,South
Berkeley House Apartments,https://aggiesearch.tamu.edu/housing/property/berkeley-house/pjgd7st,4,4,$609 / Bedroom,"1,365",0,1,1.7,South
Berkeley House Apartments,https://aggiesearch.tamu.edu/housing/property/berkeley-house/pjgd7st,4,4,$609 / Bedroom,"1,545",0,1,1.7,South
Berkeley House Apartments,https://aggiesearch.tamu.edu/housing/property/berkeley-house/pjgd7st,4,4,$639 / Bedroom,"1,460",0,1,1.7,South
Berkeley House Apartments,https://aggiesearch.tamu.edu/housing/property/berkeley-house/pjgd7st,4,4,$675 / Bedroom,"1,565",0,1,1.7,South
Berkeley House Apartments,https://aggiesearch.tamu.edu/housing/property/berkeley-house/pjgd7st,3,3,$689 / Bedroom,"1,250",0,1,1.7,South
Berkeley House Apartments,https://aggiesearch.tamu.edu/housing/property/berkeley-house/pjgd7st,4,4,$605 / Bedroom,"1,340",0,1,1.7,South
Berkeley House Apartments,https://aggiesearch.tamu.edu/housing/property/berkeley-house/pjgd7st,4,4,$609 / Bedroom,"1,415",0,1,1.7,South
21 Gramercy Park Apartments,https://aggiesearch.tamu.edu/housing/property/21-gramercy-park/4fyh7sj,1,1,$879,618,0,1,3.7,East
22 Gramercy Park Apartments,https://aggiesearch.tamu.edu/housing/property/21-gramercy-park/4fyh7sj,1,1,$913,669,0,1,3.7,East
23 Gramercy Park Apartments,https://aggiesearch.tamu.edu/housing/property/21-gramercy-park/4fyh7sj,1,1,$930,768,0,1,3.7,East
24 Gramercy Park Apartments,https://aggiesearch.tamu.edu/housing/property/21-gramercy-park/4fyh7sj,1,1,$981,800,0,1,3.7,East
25 Gramercy Park Apartments,https://aggiesearch.tamu.edu/housing/property/21-gramercy-park/4fyh7sj,1,1,"$1,092",785,0,1,3.7,East
26 Gramercy Park Apartments,https://aggiesearch.tamu.edu/housing/property/21-gramercy-park/4fyh7sj,1,1,"$1,187",980,0,1,3.7,East
27 Gramercy Park Apartments,https://aggiesearch.tamu.edu/housing/property/21-gramercy-park/4fyh7sj,2,1,"$1,081",955,0,1,3.7,East
28 Gramercy Park Apartments,https://aggiesearch.tamu.edu/housing/property/21-gramercy-park/4fyh7sj,2,2,"$1,185","1,094",0,1,3.7,East
29 Gramercy Park Apartments,https://aggiesearch.tamu.edu/housing/property/21-gramercy-park/4fyh7sj,2,2,"$1,293","1,181",0,1,3.7,East
30 Gramercy Park Apartments,https://aggiesearch.tamu.edu/housing/property/21-gramercy-park/4fyh7sj,2,2,"$1,354","1,125",0,1,3.7,East
31 Gramercy Park Apartments,https://aggiesearch.tamu.edu/housing/property/21-gramercy-park/4fyh7sj,2,2,"$1,375","1,213",0,1,3.7,East
100 Park Apartments,https://aggiesearch.tamu.edu/housing/property/21-gramercy-park/4fyh7sj,3,2.5,"$1,698","1,518",0,1,3.7,East
"2 Bedroom Townhouse, modern, close to campus, 1 roommate (Shared Space)",https://aggiesearch.tamu.edu/housing/property/2-bedroom-townhouse-modern-close-to-campus-1-roommate/ocpld08fzg,2,2,$620 / Bedroom,"1,485",0,0,0.3,South
Three bedroom at Wolf Run looking for 1 additional roommate Rental (Sublet),https://aggiesearch.tamu.edu/housing/property/three-bedroom-at-wolf-run-looking-for-1-additional-roommate/ocpzlygqmz,1,2,$800 / Bedroom,"1,356",0,0,0.6,South
Aspire apartments | 4x4 (Sublet / Shared Space),https://aggiesearch.tamu.edu/housing/property/aspire-apartments-4x4/ocp486mxrj,4,4,$879 / Bedroom,"1,320",0,1,0.2,Central
Woodlands of College Station Apartments,https://aggiesearch.tamu.edu/housing/property/woodlands-of-college-station/e066yqn,2,2,$659 - $699 / Bedroom,"1,033",0,1,2.5,South
Woodlands of College Station Apartments,https://aggiesearch.tamu.edu/housing/property/woodlands-of-college-station/e066yqn,2,2.5,$709 / Bedroom,"1,120",0,1,2.5,South
Woodlands of College Station Apartments,https://aggiesearch.tamu.edu/housing/property/woodlands-of-college-station/e066yqn,3,3,$574 - $589 / Bedroom,"1,362",0,1,2.5,South
Woodlands of College Station Apartments,https://aggiesearch.tamu.edu/housing/property/woodlands-of-college-station/e066yqn,4,4,$539 / Bedroom,"1,621",0,1,2.5,South
Woodlands of College Station Apartments,https://aggiesearch.tamu.edu/housing/property/woodlands-of-college-station/e066yqn,2,2.5,$679 - $699 / Bedroom,"1,128",0,1,2.5,South
Woodlands of College Station Apartments,https://aggiesearch.tamu.edu/housing/property/woodlands-of-college-station/e066yqn,2,2,$699 / Bedroom,"1,120",0,1,2.5,South
Woodlands of College Station Apartments,https://aggiesearch.tamu.edu/housing/property/woodlands-of-college-station/e066yqn,3,3,$589 / Bedroom,"1,369",0,1,2.5,South
"Southwest Parkway Condo, 1 mile from campus (Shared Space)",https://aggiesearch.tamu.edu/housing/property/southwest-parkway-condo-1-mile-from-campus/ocpljdszpg,3,3,$525 / Bedroom,"1,296",0,0,2.6,South
The Junction Rental (Sublet),https://aggiesearch.tamu.edu/housing/property/the-junction/ocpxk2jjxp,1,1,$590 / Bedroom,,0,1,1.5,South
4/2.25 Furnished Townhouse Across from Campus; Pool & HOA Amenities; No Utility SignUps; Flex Lease (Shared Space),https://aggiesearch.tamu.edu/housing/property/4-2-25-furnished-townhouse-across-from-campus-pool-and-hoa-amenities-no-utility-signups-flex-lease/ocpm3svxgj,4,2.5,"$2,400","2,170",0,0,0.6,South
Spacious newly renovated 920 s.f. 2 bedroom 1.5 bath on TAMU shuttle route for $820 Apartments (Shared Space),https://aggiesearch.tamu.edu/housing/property/spacious-newly-renovated-920-s-f-2-bedroom-1-5-bath-on-tamu-shuttle-route-for-820/ocpxjtvnxp,2,1.5,$820,920,0,0,2.9,South
Domain at Northgate Apartments,https://aggiesearch.tamu.edu/housing/property/domain-at-northgate/tbv0cbb,3,3,$760 - $775 / Bedroom,"1,144",0,1,0.2,Central
Domain at Northgate Apartments,https://aggiesearch.tamu.edu/housing/property/domain-at-northgate/tbv0cbb,2,2,$945 / Bedroom,928,0,1,0.2,Central
Domain at Northgate Apartments,https://aggiesearch.tamu.edu/housing/property/domain-at-northgate/tbv0cbb,2,2,$999 / Bedroom,972,0,1,0.2,Central
Domain at Northgate Apartments,https://aggiesearch.tamu.edu/housing/property/domain-at-northgate/tbv0cbb,2,2,"$999 - $1,025 / Bedroom","1,170",0,1,0.2,Central
Domain at Northgate Apartments,https://aggiesearch.tamu.edu/housing/property/domain-at-northgate/tbv0cbb,3,3,$815 / Bedroom,"1,272",0,1,0.2,Central
Domain at Northgate Apartments,https://aggiesearch.tamu.edu/housing/property/domain-at-northgate/tbv0cbb,4,4,$655 - $665 / Bedroom,"1,378",0,1,0.2,Central
Domain at Northgate Apartments,https://aggiesearch.tamu.edu/housing/property/domain-at-northgate/tbv0cbb,4,4,$735 - $755 / Bedroom,"1,722",0,1,0.2,Central
Domain at Northgate Apartments,https://aggiesearch.tamu.edu/housing/property/domain-at-northgate/tbv0cbb,4,4,$749 - $799 / Bedroom,"1,876",0,1,0.2,Central
Domain at Northgate Apartments,https://aggiesearch.tamu.edu/housing/property/domain-at-northgate/tbv0cbb,4,4,$799 / Bedroom,"1,706",0,1,0.2,Central
Domain at Northgate Apartments,https://aggiesearch.tamu.edu/housing/property/domain-at-northgate/tbv0cbb,1,1,"$1,299",576,0,1,0.2,Central
Domain at Northgate Apartments,https://aggiesearch.tamu.edu/housing/property/domain-at-northgate/tbv0cbb,1,1,"$1,375",667,0,1,0.2,Central
Barracks townhome,https://aggiesearch.tamu.edu/housing/property/barracks-townhome/ocpldwq77d,1,1,$575 / Bedroom,550,0,0,3.5,South
The Arbors at Wolf Pen Creek Apartments,https://aggiesearch.tamu.edu/housing/property/the-arbors-at-wolf-pen-creek-apartments/e3b4kxm,2,2,"$1,199",862,0,1,0.9,South
The Arbors at Wolf Pen Creek Apartments,https://aggiesearch.tamu.edu/housing/property/the-arbors-at-wolf-pen-creek-apartments/e3b4kxm,2,2,"$1,199",862,0,1,0.9,South
The Arbors at Wolf Pen Creek Apartments,https://aggiesearch.tamu.edu/housing/property/the-arbors-at-wolf-pen-creek-apartments/e3b4kxm,1,1,"$1,014",632,0,1,0.9,South
The Arbors at Wolf Pen Creek Apartments,https://aggiesearch.tamu.edu/housing/property/the-arbors-at-wolf-pen-creek-apartments/e3b4kxm,2,2,"$1,244",884,0,1,0.9,South
The Arbors at Wolf Pen Creek Apartments,https://aggiesearch.tamu.edu/housing/property/the-arbors-at-wolf-pen-creek-apartments/e3b4kxm,3,2,"$1,444","1,021",0,1,0.9,South
University Trails College Station Apartments,https://aggiesearch.tamu.edu/housing/property/university-trails-college-station/vgxhx0e,3,3,$529 / Bedroom,"1,120",0,1,0.7,South
University Trails College Station Apartments,https://aggiesearch.tamu.edu/housing/property/university-trails-college-station/vgxhx0e,4,4,$489 / Bedroom,"1,399",0,1,0.7,South
University Trails College Station Apartments,https://aggiesearch.tamu.edu/housing/property/university-trails-college-station/vgxhx0e,4,4,$509 / Bedroom,"1,450",0,1,0.7,South
University Trails College Station Apartments,https://aggiesearch.tamu.edu/housing/property/university-trails-college-station/vgxhx0e,1,1,$949 / Bedroom,630,0,1,0.7,South
University Trails College Station Apartments,https://aggiesearch.tamu.edu/housing/property/university-trails-college-station/vgxhx0e,2,2,$589 / Bedroom,885,0,1,0.7,South
University Trails College Station Apartments,https://aggiesearch.tamu.edu/housing/property/university-trails-college-station/vgxhx0e,3,3,$539 / Bedroom,"1,211",0,1,0.7,South
"University Place Condos $475 includes all utilities, cable and wifi. 4bd, 4ba, 2 rooms available",https://aggiesearch.tamu.edu/housing/property/university-place-condos-475-includes-all-utilities-cable-and-wifi-4bd-4ba-2-rooms-available/ocpjd1yse5,4,4,$475 / Bedroom,"1,100",0,0,2.4,South
"Townhouse near campus 3 BR 1 1/2 BA, 1152 sqf with backyard, carport , on TAMU bus route (Shared Space)",https://aggiesearch.tamu.edu/housing/property/townhouse-near-campus-3-br-1-1-2-ba-1152-sqf-with-backyard-carport-on-tamu-bus-route/ocp0f22jk2,3,1.5,$985,"1,152",0,0,2.1,South
The Barracks Condo (Sublet / Shared Space),https://aggiesearch.tamu.edu/housing/property/the-barracks/ocp7bee7gy,1,1,$615 / Bedroom,,0,0,3.4,South
Westfield Village House Rental (Shared Space),https://aggiesearch.tamu.edu/housing/property/westfield-village-house/ocpvttv0fg,1,2,$425 / Bedroom,,0,0,5.7,South
Country Place Apartments,https://aggiesearch.tamu.edu/housing/property/country-place/gbq9stx,Studio,1,$590,468,0,1,0.6,Central
Country Place Apartments,https://aggiesearch.tamu.edu/housing/property/country-place/gbq9stx,1,1,$640,531,0,1,0.6,Central
Country Place Apartments,https://aggiesearch.tamu.edu/housing/property/country-place/gbq9stx,1,1,$640 - $730,612,0,1,0.6,Central
Country Place Apartments,https://aggiesearch.tamu.edu/housing/property/country-place/gbq9stx,1,1,$655 - $740,652,0,1,0.6,Central
Country Place Apartments,https://aggiesearch.tamu.edu/housing/property/country-place/gbq9stx,2,1,$750 - $855,749,0,1,0.6,Central
Country Place Apartments,https://aggiesearch.tamu.edu/housing/property/country-place/gbq9stx,2,1.5,$785 - $895,810,0,1,0.6,Central
**$350.00 mo.** 1 room available in 4 Bedroom 4 Bath Condo (Shared Space),https://aggiesearch.tamu.edu/housing/property/350-00-mo-1-room-available-in-4-bedroom-4-bath-condo/ocp03jlxn1,1,1,$350 / Bedroom,,0,0,2.4,South
Sweet Home Carter Creek Townhomes,https://aggiesearch.tamu.edu/housing/property/sweet-home-carter-creek-townhomes/ocpk5mf87b,1,1,$550 / Bedroom,733,0,0,1.1,East
The Hudson Apartments,https://aggiesearch.tamu.edu/housing/property/the-hudson/vqxt46e,3,3,$819 / Bedroom,"1,254",0,1,0.6,Central
The Hudson Apartments,https://aggiesearch.tamu.edu/housing/property/the-hudson/vqxt46e,4,4,$699 / Bedroom,"1,386",0,1,0.6,Central
The vintage in College Station. Estimated rent $400 Apartments (Shared Space),https://aggiesearch.tamu.edu/housing/property/the-vintage-in-college-station-estimated-rent-400/ocpfchct1v,2,2,$659,,0,0,2.1,South
"2 roommates needed for a 3 bed, 3.5 bath, 1492 sq. ft. 2-story townhome (Shared Space)",https://aggiesearch.tamu.edu/housing/property/2-roommates-needed-for-a-3-bed-3-5-bath-1492-sq-ft-2-story-townhome/ocpx7nnm2n,2,3.5,$475 / Bedroom,"1,492",0,1,2.2,East
Aspen Heights Apartments,https://aggiesearch.tamu.edu/housing/property/aspen-heights/t1e189b,2,2.5,$779 / Bedroom,1475 - 1497,0,0,2,South
Aspen Heights Apartments,https://aggiesearch.tamu.edu/housing/property/aspen-heights/t1e189b,3,3.5,$689 / Bedroom,"1,851",0,0,2,South
Aspen Heights Apartments,https://aggiesearch.tamu.edu/housing/property/aspen-heights/t1e189b,4,4.5,$669 / Bedroom,1937 - 1964,0,0,2,South
Aspen Heights Apartments,https://aggiesearch.tamu.edu/housing/property/aspen-heights/t1e189b,5,5.5,$619 / Bedroom,"2,294 - 2,354",0,0,2,South
Hudson Trails Apartments,https://aggiesearch.tamu.edu/housing/property/hudson-trails-apartments/2h7wkhb,2,2,"$1,175 - $1,225",955,0,1,3.9,East
Hudson Trails Apartments,https://aggiesearch.tamu.edu/housing/property/hudson-trails-apartments/2h7wkhb,2,2,"$1,215",955,0,1,3.9,East
Hudson Trails Apartments,https://aggiesearch.tamu.edu/housing/property/hudson-trails-apartments/2h7wkhb,1,1,"$1,025 - $1,065",800,0,1,3.9,East
Hudson Trails Apartments,https://aggiesearch.tamu.edu/housing/property/hudson-trails-apartments/2h7wkhb,1,1,"$1,045",800,0,1,3.9,East
Hudson Trails Apartments,https://aggiesearch.tamu.edu/housing/property/hudson-trails-apartments/2h7wkhb,1,1,$960 - $980,692,0,1,3.9,East
Hudson Trails Apartments,https://aggiesearch.tamu.edu/housing/property/hudson-trails-apartments/2h7wkhb,1,1,"$980 - $1,020",736,0,1,3.9,East
Hudson Trails Apartments,https://aggiesearch.tamu.edu/housing/property/hudson-trails-apartments/2h7wkhb,1,1,"$1,045 - $1,085",806,0,1,3.9,East
Hudson Trails Apartments,https://aggiesearch.tamu.edu/housing/property/hudson-trails-apartments/2h7wkhb,3,3,"$1,480 - $1,550","1,431",0,1,3.9,East
2x 2.5 Condo (Shared Space),https://aggiesearch.tamu.edu/housing/property/2x-2-5-condo/ocpkbj0yx9,2,2.5,$650 / Bedroom,"1,200",0,0,1.2,South
Holleman Oaks Apartments,https://aggiesearch.tamu.edu/housing/property/holleman-oaks/rvs3ts3,2,2,$650,894,0,0,1,South
3bed 2 bath horse property close to A&M Rental (Sublet),https://aggiesearch.tamu.edu/housing/property/3bed-2-bath-horse-property-close-to-a-and-m/ocpv5gdsng,1,2,$600,"1,448",0,0,5.7,South
The Gables Apartments,https://aggiesearch.tamu.edu/housing/property/the-gables-apartments/1br7z35,Studio,1,$579 - $629,480,0,1,0.4,South
The Gables Apartments,https://aggiesearch.tamu.edu/housing/property/the-gables-apartments/1br7z36,1,1,$649 - $699,600,0,1,0.4,South
The Gables Apartments,https://aggiesearch.tamu.edu/housing/property/the-gables-apartments/1br7z37,2,2,$799 - $849,936,0,1,0.4,South
The Gables Apartments,https://aggiesearch.tamu.edu/housing/property/the-gables-apartments/1br7z38,1,1,$699,600,0,1,0.4,South
The Gables Apartments,https://aggiesearch.tamu.edu/housing/property/the-gables-apartments/1br7z39,Studio,1,$629,480,0,1,0.4,South
The Gables Apartments,https://aggiesearch.tamu.edu/housing/property/the-gables-apartments/1br7z40,2,2,$799,936,0,1,0.4,South
The Gables Apartments,https://aggiesearch.tamu.edu/housing/property/the-gables-apartments/1br7z41,Studio,1,$579,480,0,1,0.4,South
The Gables Apartments,https://aggiesearch.tamu.edu/housing/property/the-gables-apartments/1br7z42,Studio,1,$589,480,0,1,0.4,South
The Gables Apartments,https://aggiesearch.tamu.edu/housing/property/the-gables-apartments/1br7z43,Studio,1,$629,480,0,1,0.4,South
Park West Tower Apartments (Shared Space),https://aggiesearch.tamu.edu/housing/property/park-west-tower/ocplj29zbg,1,1,$725 / Bedroom,714,0,1,1.1,South
31 Thirty Apartments,https://aggiesearch.tamu.edu/housing/property/31-thirty/5xmtphn,2,2,$799 - $809,955 - 970,0,0,1.1,East
32 Thirty Apartments,https://aggiesearch.tamu.edu/housing/property/31-thirty/5xmtphn,2,1.5,$809 - $819,860 - 880,0,0,1.1,East
33 Thirty Apartments,https://aggiesearch.tamu.edu/housing/property/31-thirty/5xmtphn,2,2,$799,990,0,0,1.1,East
34 Thirty Apartments,https://aggiesearch.tamu.edu/housing/property/31-thirty/5xmtphn,2,2,$830 - $840,"1,040",0,0,1.1,East
35 Thirty Apartments,https://aggiesearch.tamu.edu/housing/property/31-thirty/5xmtphn,2,2,$839,980,0,0,1.1,East
36 Thirty Apartments,https://aggiesearch.tamu.edu/housing/property/31-thirty/5xmtphn,2,2,$860 - $870,"1,045",0,0,1.1,East
37 Thirty Apartments,https://aggiesearch.tamu.edu/housing/property/31-thirty/5xmtphn,2,2,$860 - $870,"1,090",0,0,1.1,East
38 Thirty Apartments,https://aggiesearch.tamu.edu/housing/property/31-thirty/5xmtphn,2,2,$870,"1,065",0,0,1.1,East
39 Thirty Apartments,https://aggiesearch.tamu.edu/housing/property/31-thirty/5xmtphn,2,2,$895,900,0,0,1.1,East
40 Thirty Apartments,https://aggiesearch.tamu.edu/housing/property/31-thirty/5xmtphn,2,2,$900 - $910,"1,100",0,0,1.1,East
41 Thirty Apartments,https://aggiesearch.tamu.edu/housing/property/31-thirty/5xmtphn,3,2,"$1,050","1,290",0,0,1.1,East
College Main Apartments,https://aggiesearch.tamu.edu/housing/property/college-main-apartments/vgwl2be,1,1,$599 - $809,640,0,0,0.8,Central
College Main Apartments,https://aggiesearch.tamu.edu/housing/property/college-main-apartments/vgwl2be,2,1,$699 - $809,830,0,0,0.8,Central
College Main Apartments,https://aggiesearch.tamu.edu/housing/property/college-main-apartments/vgwl2be,2,1.5,$699 - $929,880,0,0,0.8,Central
College Main Apartments,https://aggiesearch.tamu.edu/housing/property/college-main-apartments/vgwl2be,2,1.5,$739 - $909,997,0,0,0.8,Central
College Main Apartments,https://aggiesearch.tamu.edu/housing/property/college-main-apartments/vgwl2be,2,1.5,$699 - $799,830,0,0,0.8,Central
Arbor Square Apartments,https://aggiesearch.tamu.edu/housing/property/arbor-square-apartments/d54501j,1,1,$639,616,0,1,1.4,South
Arbor Square Apartments,https://aggiesearch.tamu.edu/housing/property/arbor-square-apartments/d54501j,2,2,$739,880,0,1,1.4,South
Parkway Circle Apartments,https://aggiesearch.tamu.edu/housing/property/parkway-circle-apartments/41lmm7k,2,2,$779,977,0,1,2.4,South
Parkway Circle Apartments,https://aggiesearch.tamu.edu/housing/property/parkway-circle-apartments/41lmm7k,2,2,$779 - $809,977,0,1,2.4,South
Parkway Circle Apartments,https://aggiesearch.tamu.edu/housing/property/parkway-circle-apartments/41lmm7k,2,2,$779,977,0,1,2.4,South
Parkway Circle Apartments,https://aggiesearch.tamu.edu/housing/property/parkway-circle-apartments/41lmm7k,2,2,$809,977,0,1,2.4,South
Parkway Circle Apartments,https://aggiesearch.tamu.edu/housing/property/parkway-circle-apartments/41lmm7k,2,2,$809,977,0,1,2.4,South
Parkway Circle Apartments,https://aggiesearch.tamu.edu/housing/property/parkway-circle-apartments/41lmm7k,2,2,$809,977,0,1,2.4,South
Parkway Circle Apartments,https://aggiesearch.tamu.edu/housing/property/parkway-circle-apartments/41lmm7k,2,2,$779,977,0,1,2.4,South
Parkway Circle Apartments,https://aggiesearch.tamu.edu/housing/property/parkway-circle-apartments/41lmm7k,2,2,$809,977,0,1,2.4,South
Parkway Circle Apartments,https://aggiesearch.tamu.edu/housing/property/parkway-circle-apartments/41lmm7k,2,2,$809,977,0,1,2.4,South
Parkway Circle Apartments,https://aggiesearch.tamu.edu/housing/property/parkway-circle-apartments/41lmm7k,2,2,$779,977,0,1,2.4,South
town home near campus Townhome (Shared Space),https://aggiesearch.tamu.edu/housing/property/town-home-near-campus/ocp0h2l3l3,3,3.5,$650 / Bedroom,,0,0,3,South
Parkway Place Apartments,https://aggiesearch.tamu.edu/housing/property/parkway-place/hzsf5n0,2,2,$699 / Bedroom,"1,020",0,1,1.2,South
Parkway Place Apartments,https://aggiesearch.tamu.edu/housing/property/parkway-place/hzsf5n1,4,4,$549 / Bedroom,"1,473",0,1,1.2,South
Parkway Place Apartments,https://aggiesearch.tamu.edu/housing/property/parkway-place/hzsf5n2,4,4,$549 / Bedroom,"1,473",0,1,1.2,South
Parkway Place Apartments,https://aggiesearch.tamu.edu/housing/property/parkway-place/hzsf5n3,4,4,$644 - $649 / Bedroom,"1,865",0,1,1.2,South
Parkway Place Apartments,https://aggiesearch.tamu.edu/housing/property/parkway-place/hzsf5n4,4,4,$549 / Bedroom,"1,473",0,1,1.2,South
Parkway Place Apartments,https://aggiesearch.tamu.edu/housing/property/parkway-place/hzsf5n5,4,4,$649 / Bedroom,"1,865",0,1,1.2,South
Parkway Place Apartments,https://aggiesearch.tamu.edu/housing/property/parkway-place/hzsf5n6,4,4,$649 / Bedroom,"1,865",0,1,1.2,South
Parkway Place Apartments,https://aggiesearch.tamu.edu/housing/property/parkway-place/hzsf5n7,1,1,$979 / Bedroom,604,0,1,1.2,South
Parkway Place Apartments,https://aggiesearch.tamu.edu/housing/property/parkway-place/hzsf5n8,2,2,$599 / Bedroom,766,0,1,1.2,South
Parkway Place Apartments,https://aggiesearch.tamu.edu/housing/property/parkway-place/hzsf5n9,4,4,$570 / Bedroom,"1,538",0,1,1.2,South
Redstone Apartments,https://aggiesearch.tamu.edu/housing/property/redstone-apartments/t1g1t88,2,1,$649 - $719,803,0,1,1.2,South
The Ridge Apartments,https://aggiesearch.tamu.edu/housing/property/the-ridge/w8bpt5j,1,1,"$864 - $1,670",536,0,1,1.5,South
The Ridge Apartments,https://aggiesearch.tamu.edu/housing/property/the-ridge/w8bpt5j,1,1,"$894 - $1,710",624,0,1,1.5,South
The Ridge Apartments,https://aggiesearch.tamu.edu/housing/property/the-ridge/w8bpt5j,1,1,"$914 - $1,770",784,0,1,1.5,South
The Ridge Apartments,https://aggiesearch.tamu.edu/housing/property/the-ridge/w8bpt5j,2,1,"$999 - $1,960",865,0,1,1.5,South
The Ridge Apartments,https://aggiesearch.tamu.edu/housing/property/the-ridge/w8bpt5j,2,2,"$1,049 - $2,060",924,0,1,1.5,South
The Ridge Apartments,https://aggiesearch.tamu.edu/housing/property/the-ridge/w8bpt5j,2,2,"$1,119 - $2,180","1,063",0,1,1.5,South
The Ridge Apartments,https://aggiesearch.tamu.edu/housing/property/the-ridge/w8bpt5j,3,2,"$1,278 - $2,598","1,207",0,1,1.5,South
Z Islander- College Station Apartments,https://aggiesearch.tamu.edu/housing/property/z-islander-college-station/s0pwgc7,Studio,1,$865,615,0,1,0.7,Central
Z Islander- College Station Apartments,https://aggiesearch.tamu.edu/housing/property/z-islander-college-station/s0pwgc7,1,1,$925,820,0,1,0.7,Central
Z Islander- College Station Apartments,https://aggiesearch.tamu.edu/housing/property/z-islander-college-station/s0pwgc7,2,2,$560 / Bedroom,"1,135",0,1,0.7,Central
Z Islander- College Station Apartments,https://aggiesearch.tamu.edu/housing/property/z-islander-college-station/s0pwgc7,2,2.5,$580 / Bedroom,"1,205",0,1,0.7,Central
Z Islander- College Station Apartments,https://aggiesearch.tamu.edu/housing/property/z-islander-college-station/s0pwgc7,3,3,$535 / Bedroom,"1,550",0,1,0.7,Central
Z Islander- College Station Apartments,https://aggiesearch.tamu.edu/housing/property/z-islander-college-station/s0pwgc7,4,4,$515 / Bedroom,"1,900",0,1,0.7,Central
The Retreat at College Station Apartments,https://aggiesearch.tamu.edu/housing/property/the-retreat-at-college-station/vlelxvg,3,3,$600 - $635 / Bedroom,"1,396",0,1,1.5,South
The Retreat at College Station Apartments,https://aggiesearch.tamu.edu/housing/property/the-retreat-at-college-station/vlelxvg,3,3,$600 - $650 / Bedroom,"1,400",0,1,1.5,South
The Retreat at College Station Apartments,https://aggiesearch.tamu.edu/housing/property/the-retreat-at-college-station/vlelxvg,3,3,$605 - $880 / Bedroom,"1,395",0,1,1.5,South
The Retreat at College Station Apartments,https://aggiesearch.tamu.edu/housing/property/the-retreat-at-college-station/vlelxvg,3,3.5,$650 - $700 / Bedroom,"1,500",0,1,1.5,South
The Retreat at College Station Apartments,https://aggiesearch.tamu.edu/housing/property/the-retreat-at-college-station/vlelxvg,4,4,$550 - $625 / Bedroom,"1,772",0,1,1.5,South
The Retreat at College Station Apartments,https://aggiesearch.tamu.edu/housing/property/the-retreat-at-college-station/vlelxvg,4,4.5,$575 - $630 / Bedroom,"2,333",0,1,1.5,South
The Retreat at College Station Apartments,https://aggiesearch.tamu.edu/housing/property/the-retreat-at-college-station/vlelxvg,4,4.5,$575 - $630 / Bedroom,"2,333",0,1,1.5,South
The Retreat at College Station Apartments,https://aggiesearch.tamu.edu/housing/property/the-retreat-at-college-station/vlelxvg,4,4,$580 - $655 / Bedroom,"1,915",0,1,1.5,South
The Retreat at College Station Apartments,https://aggiesearch.tamu.edu/housing/property/the-retreat-at-college-station/vlelxvg,4,4.5,$590 - $630 / Bedroom,"2,333",0,1,1.5,South
The Retreat at College Station Apartments,https://aggiesearch.tamu.edu/housing/property/the-retreat-at-college-station/vlelxvg,4,4.5,$615 / Bedroom,"2,000",0,1,1.5,South
The Retreat at College Station Apartments,https://aggiesearch.tamu.edu/housing/property/the-retreat-at-college-station/vlelxvg,4,4,$619 - $654 / Bedroom,"1,873",0,1,1.5,South
The Retreat at College Station Apartments,https://aggiesearch.tamu.edu/housing/property/the-retreat-at-college-station/vlelxvg,5,5.5,$535 - $600 / Bedroom,"1,873",0,1,1.5,South
The Retreat at College Station Apartments,https://aggiesearch.tamu.edu/housing/property/the-retreat-at-college-station/vlelxvg,5,5,$540 - $580 / Bedroom,"2,166",0,1,1.5,South
The Retreat at College Station Apartments,https://aggiesearch.tamu.edu/housing/property/the-retreat-at-college-station/vlelxvg,5,5,$550 - $620 / Bedroom,"2,089",0,1,1.5,South
The Retreat at College Station Apartments,https://aggiesearch.tamu.edu/housing/property/the-retreat-at-college-station/vlelxvg,5,5.5,$650 / Bedroom,"2,363",0,1,1.5,South
The Retreat at College Station Apartments,https://aggiesearch.tamu.edu/housing/property/the-retreat-at-college-station/vlelxvg,6,6,$520 - $605 / Bedroom,"2,476",0,1,1.5,South
The Retreat at College Station Apartments,https://aggiesearch.tamu.edu/housing/property/the-retreat-at-college-station/vlelxvg,2,2.5,$800 - $850 / Bedroom,"1,400",0,1,1.5,South
The Retreat at College Station Apartments,https://aggiesearch.tamu.edu/housing/property/the-retreat-at-college-station/vlelxvg,4,4,$550 - $600 / Bedroom,"2,000",0,1,1.5,South
The Retreat at College Station Apartments,https://aggiesearch.tamu.edu/housing/property/the-retreat-at-college-station/vlelxvg,5,5,$605 / Bedroom,"2,280",0,1,1.5,South
Casa Del Sol Apartments,https://aggiesearch.tamu.edu/housing/property/casa-del-sol-apartments/fjkkder,1,1,$719,620,0,0,0.5,Central
Casa Del Sol Apartments,https://aggiesearch.tamu.edu/housing/property/casa-del-sol-apartments/fjkkder,2,1,$825,820,0,0,0.5,Central
Lincoln Avenue House Rental (Shared Space),https://aggiesearch.tamu.edu/housing/property/lincoln-avenue-house/ocpb0pj4zb,1,2,$600 / Bedroom,"1,300",0,1,1.2,East
The Standard at College Station Apartments,https://aggiesearch.tamu.edu/housing/property/the-standard-at-college-station/sdxge25,1,1,"$1,025 / Bedroom",467 - 475,0,1,0.3,Central
The Standard at College Station Apartments,https://aggiesearch.tamu.edu/housing/property/the-standard-at-college-station/sdxge25,1,1,"$1,030 / Bedroom",477 - 521,0,1,0.3,Central
The Standard at College Station Apartments,https://aggiesearch.tamu.edu/housing/property/the-standard-at-college-station/sdxge25,1,1,"$1,290 / Bedroom",560,0,1,0.3,Central
The Standard at College Station Apartments,https://aggiesearch.tamu.edu/housing/property/the-standard-at-college-station/sdxge25,1,1,"$1,290 / Bedroom",622,0,1,0.3,Central
The Standard at College Station Apartments,https://aggiesearch.tamu.edu/housing/property/the-standard-at-college-station/sdxge25,2,2,$850 / Bedroom,781,0,1,0.3,Central
The Standard at College Station Apartments,https://aggiesearch.tamu.edu/housing/property/the-standard-at-college-station/sdxge25,2,2,$865 / Bedroom,850,0,1,0.3,Central
The Standard at College Station Apartments,https://aggiesearch.tamu.edu/housing/property/the-standard-at-college-station/sdxge25,2,2,$870 / Bedroom,"1,090",0,1,0.3,Central
The Standard at College Station Apartments,https://aggiesearch.tamu.edu/housing/property/the-standard-at-college-station/sdxge25,3,3,$770 / Bedroom,"1,084",0,1,0.3,Central
The Standard at College Station Apartments,https://aggiesearch.tamu.edu/housing/property/the-standard-at-college-station/sdxge25,4,4,$685 / Bedroom,"1,769",0,1,0.3,Central
The Standard at College Station Apartments,https://aggiesearch.tamu.edu/housing/property/the-standard-at-college-station/sdxge25,4,4,$695 / Bedroom,"1,340",0,1,0.3,Central
The Standard at College Station Apartments,https://aggiesearch.tamu.edu/housing/property/the-standard-at-college-station/sdxge25,4,4,$695 / Bedroom,"1,575",0,1,0.3,Central
The Standard at College Station Apartments,https://aggiesearch.tamu.edu/housing/property/the-standard-at-college-station/sdxge25,4,4,$700 / Bedroom,1456 - 1471,0,1,0.3,Central
The Standard at College Station Apartments,https://aggiesearch.tamu.edu/housing/property/the-standard-at-college-station/sdxge25,4,4,$705 / Bedroom,"1,386",0,1,0.3,Central
The Standard at College Station Apartments,https://aggiesearch.tamu.edu/housing/property/the-standard-at-college-station/sdxge25,4,4,$730 / Bedroom,"1,603",0,1,0.3,Central
The Standard at College Station Apartments,https://aggiesearch.tamu.edu/housing/property/the-standard-at-college-station/sdxge25,4,4,$750 / Bedroom,"1,543",0,1,0.3,Central
The Standard at College Station Apartments,https://aggiesearch.tamu.edu/housing/property/the-standard-at-college-station/sdxge25,5,3,$610 / Bedroom,"1,564",0,1,0.3,Central
The Standard at College Station Apartments,https://aggiesearch.tamu.edu/housing/property/the-standard-at-college-station/sdxge25,5,5,$655 / Bedroom,"1,645",0,1,0.3,Central
The Standard at College Station Apartments,https://aggiesearch.tamu.edu/housing/property/the-standard-at-college-station/sdxge25,5,5,$680 / Bedroom,"1,630",0,1,0.3,Central
The Standard at College Station Apartments,https://aggiesearch.tamu.edu/housing/property/the-standard-at-college-station/sdxge25,5,5,$700 / Bedroom,"1,921",0,1,0.3,Central
The Standard at College Station Apartments,https://aggiesearch.tamu.edu/housing/property/the-standard-at-college-station/sdxge25,5,5,$705 / Bedroom,1912 - 1923,0,1,0.3,Central
The Standard at College Station Apartments,https://aggiesearch.tamu.edu/housing/property/the-standard-at-college-station/sdxge25,6,6,$625 / Bedroom,"2,032",0,1,0.3,Central
Privately Owned Woodlands Condo - 2 Rooms Available (Shared Space),https://aggiesearch.tamu.edu/housing/property/privately-owned-woodlands-condo-2-rooms-available/ocpvwvqbdd,3,3,$580 / Bedroom,,0,1,2.5,South
Campus Crossings on Marion Pugh Apartments,https://aggiesearch.tamu.edu/housing/property/campus-crossings-on-marion-pugh/vj5wh9e,1,1,$750 / Bedroom,490,0,1,1.7,South
Campus Crossings on Marion Pugh Apartments,https://aggiesearch.tamu.edu/housing/property/campus-crossings-on-marion-pugh/vj5wh9e,1,1,$865 / Bedroom,694,0,1,1.7,South
Campus Crossings on Marion Pugh Apartments,https://aggiesearch.tamu.edu/housing/property/campus-crossings-on-marion-pugh/vj5wh9e,2,2,$575 / Bedroom,930,0,1,1.7,South
Pronghorn loop property for lease Rental (Shared Space),https://aggiesearch.tamu.edu/housing/property/pronghorn-loop-property-for-lease/ocpfdwzj9r,1,2.5,"$1,900 - $2,100","1,576",0,0,3.2,South
Knightsgate Apartments,https://aggiesearch.tamu.edu/housing/property/knightsgate-apartments/kwh5cgb,1,1,$990,800,0,1,0.7,South
Knightsgate Apartments,https://aggiesearch.tamu.edu/housing/property/knightsgate-apartments/kwh5cgb,2,2,"$1,150","1,000",0,1,0.7,South
Knightsgate Apartments,https://aggiesearch.tamu.edu/housing/property/knightsgate-apartments/kwh5cgb,3,3,"$1,350","1,225",0,1,0.7,South
Camber Villas Apartments (Shared Space),https://aggiesearch.tamu.edu/housing/property/camber-villas/ocpwh4j5jl,1,2,$639 - $750 / Bedroom,936,0,0,2.9,North
Tower Park Apartments,https://aggiesearch.tamu.edu/housing/property/tower-park-apartments/wlxnyvh,1,1,$790 - $800,657,0,1,0.8,South
Tower Park Apartments,https://aggiesearch.tamu.edu/housing/property/tower-park-apartments/wlxnyvh,2,2,"$999 - $1,009",997,0,1,0.8,South
Tower Park Apartments,https://aggiesearch.tamu.edu/housing/property/tower-park-apartments/wlxnyvh,2,1.5,$899 - $909,797,0,1,0.8,South
Tower Park Apartments,https://aggiesearch.tamu.edu/housing/property/tower-park-apartments/wlxnyvh,1,1,$765 - $775,576,0,1,0.8,South
Tower Park Apartments,https://aggiesearch.tamu.edu/housing/property/tower-park-apartments/wlxnyvh,3,2,"$1,200 - $1,210","1,200",0,1,0.8,South
Tower Park Apartments,https://aggiesearch.tamu.edu/housing/property/tower-park-apartments/wlxnyvh,4,2,"$1,860","2,000",0,1,0.8,South
River Ridge Townhomes on Spring Loop,https://aggiesearch.tamu.edu/housing/property/river-ridge-townhomes-on-spring-loop/ocpdtmsxsl,1,2.5,$600 / Bedroom,"1,200",0,1,1.9,East
Cedar Creek Apartments,https://aggiesearch.tamu.edu/housing/property/cedar-creek-apartments/lwtwv2e,2,1.5,$753 - $955,962,0,1,1.8,East
Cedar Creek Apartments,https://aggiesearch.tamu.edu/housing/property/cedar-creek-apartments/lwtwv2e,2,1.5,"$753 - $1,095","1,027",0,1,1.8,East
Cedar Creek Apartments,https://aggiesearch.tamu.edu/housing/property/cedar-creek-apartments/lwtwv2e,2,1.5,"$984 - $1,184","1,083",0,1,1.8,East
Cedar Creek Apartments,https://aggiesearch.tamu.edu/housing/property/cedar-creek-apartments/lwtwv2e,2,2,"$1,145 - $1,315","1,083",0,1,1.8,East
Cedar Creek Apartments,https://aggiesearch.tamu.edu/housing/property/cedar-creek-apartments/lwtwv2e,2,2,"$1,215 - $1,315","1,083",0,1,1.8,East
Cedar Creek Apartments,https://aggiesearch.tamu.edu/housing/property/cedar-creek-apartments/lwtwv2e,2,1.5,$984,"1,027",0,1,1.8,East
Cedar Creek Apartments,https://aggiesearch.tamu.edu/housing/property/cedar-creek-apartments/lwtwv2e,2,2,"$1,315","1,083",0,1,1.8,East
Furnished 3/2 Townhome Across from Campus Golf Course,https://aggiesearch.tamu.edu/housing/property/furnished-3-2-townhome-across-from-campus-golf-course/ocpv18hjve,3,2,"$1,850","1,350",0,0,0.6,South
2818 Apartments,https://aggiesearch.tamu.edu/housing/property/2818-apartments/1pd96b6,1,1,$949 / Bedroom,588,0,1,1,South
2818 Apartments,https://aggiesearch.tamu.edu/housing/property/2818-apartments/1pd96b6,1,1,$949 / Bedroom,588,0,1,1,South
2818 Apartments,https://aggiesearch.tamu.edu/housing/property/2818-apartments/1pd96b6,1,1,$949 / Bedroom,588,0,1,1,South
2818 Apartments,https://aggiesearch.tamu.edu/housing/property/2818-apartments/1pd96b6,1,1,$949 / Bedroom,588,0,1,1,South
2818 Apartments,https://aggiesearch.tamu.edu/housing/property/2818-apartments/1pd96b6,1,1,$949 / Bedroom,588,0,1,1,South
2818 Apartments,https://aggiesearch.tamu.edu/housing/property/2818-apartments/1pd96b6,1,1,$949 / Bedroom,588,0,1,1,South
2818 Apartments,https://aggiesearch.tamu.edu/housing/property/2818-apartments/1pd96b6,1,1,$949 / Bedroom,588,0,1,1,South
2818 Apartments,https://aggiesearch.tamu.edu/housing/property/2818-apartments/1pd96b6,1,1,$949 / Bedroom,588,0,1,1,South
2818 Apartments,https://aggiesearch.tamu.edu/housing/property/2818-apartments/1pd96b6,1,1,$949 / Bedroom,588,0,1,1,South
2818 Apartments,https://aggiesearch.tamu.edu/housing/property/2818-apartments/1pd96b6,1,1,$949 / Bedroom,588,0,1,1,South
2818 Apartments,https://aggiesearch.tamu.edu/housing/property/2818-apartments/1pd96b6,1,1,$949 / Bedroom,588,0,1,1,South
2818 Apartments,https://aggiesearch.tamu.edu/housing/property/2818-apartments/1pd96b6,1,1,$949 / Bedroom,588,0,1,1,South
2818 Apartments,https://aggiesearch.tamu.edu/housing/property/2818-apartments/1pd96b6,1,1,$949 / Bedroom,588,0,1,1,South
2818 Apartments,https://aggiesearch.tamu.edu/housing/property/2818-apartments/1pd96b6,1,1,$959 / Bedroom,646,0,1,1,South
2818 Apartments,https://aggiesearch.tamu.edu/housing/property/2818-apartments/1pd96b6,1,1,$959 / Bedroom,646,0,1,1,South
2818 Apartments,https://aggiesearch.tamu.edu/housing/property/2818-apartments/1pd96b6,1,1,$959 / Bedroom,646,0,1,1,South
2818 Apartments,https://aggiesearch.tamu.edu/housing/property/2818-apartments/1pd96b6,1,1,$959 / Bedroom,646,0,1,1,South
2818 Apartments,https://aggiesearch.tamu.edu/housing/property/2818-apartments/1pd96b6,1,1,$959 / Bedroom,646,0,1,1,South
2818 Apartments,https://aggiesearch.tamu.edu/housing/property/2818-apartments/1pd96b6,1,1,$959 / Bedroom,646,0,1,1,South
2818 Apartments,https://aggiesearch.tamu.edu/housing/property/2818-apartments/1pd96b6,1,1,$959 / Bedroom,646,0,1,1,South
2818 Apartments,https://aggiesearch.tamu.edu/housing/property/2818-apartments/1pd96b6,1,1,$959 / Bedroom,646,0,1,1,South
2818 Apartments,https://aggiesearch.tamu.edu/housing/property/2818-apartments/1pd96b6,1,1,$959 / Bedroom,646,0,1,1,South
2818 Apartments,https://aggiesearch.tamu.edu/housing/property/2818-apartments/1pd96b6,1,1,$959 / Bedroom,646,0,1,1,South
2818 Apartments,https://aggiesearch.tamu.edu/housing/property/2818-apartments/1pd96b6,1,1,$959 / Bedroom,646,0,1,1,South
2818 Apartments,https://aggiesearch.tamu.edu/housing/property/2818-apartments/1pd96b6,2,2,$569 / Bedroom,766,0,1,1,South
2818 Apartments,https://aggiesearch.tamu.edu/housing/property/2818-apartments/1pd96b6,2,2,$569 / Bedroom,766,0,1,1,South
2818 Apartments,https://aggiesearch.tamu.edu/housing/property/2818-apartments/1pd96b6,2,2,$569 / Bedroom,766,0,1,1,South
2818 Apartments,https://aggiesearch.tamu.edu/housing/property/2818-apartments/1pd96b6,2,2,$569 / Bedroom,766,0,1,1,South
2818 Apartments,https://aggiesearch.tamu.edu/housing/property/2818-apartments/1pd96b6,2,2,$569 / Bedroom,766,0,1,1,South
2818 Apartments,https://aggiesearch.tamu.edu/housing/property/2818-apartments/1pd96b6,2,2,$569 / Bedroom,766,0,1,1,South
2818 Apartments,https://aggiesearch.tamu.edu/housing/property/2818-apartments/1pd96b6,2,2,$639 / Bedroom,877,0,1,1,South
2818 Apartments,https://aggiesearch.tamu.edu/housing/property/2818-apartments/1pd96b6,2,2,$639 / Bedroom,877,0,1,1,South
2818 Apartments,https://aggiesearch.tamu.edu/housing/property/2818-apartments/1pd96b6,2,2,$639 / Bedroom,877,0,1,1,South
2818 Apartments,https://aggiesearch.tamu.edu/housing/property/2818-apartments/1pd96b6,2,2,$639 / Bedroom,877,0,1,1,South
2818 Apartments,https://aggiesearch.tamu.edu/housing/property/2818-apartments/1pd96b6,2,2,$639 / Bedroom,877,0,1,1,South
2818 Apartments,https://aggiesearch.tamu.edu/housing/property/2818-apartments/1pd96b6,2,2,$639 / Bedroom,877,0,1,1,South
2818 Apartments,https://aggiesearch.tamu.edu/housing/property/2818-apartments/1pd96b6,2,2,$639 / Bedroom,877,0,1,1,South
2818 Apartments,https://aggiesearch.tamu.edu/housing/property/2818-apartments/1pd96b6,2,2,$639 / Bedroom,877,0,1,1,South
2818 Apartments,https://aggiesearch.tamu.edu/housing/property/2818-apartments/1pd96b6,2,2,$639 / Bedroom,877,0,1,1,South
2818 Apartments,https://aggiesearch.tamu.edu/housing/property/2818-apartments/1pd96b6,2,2,$639 / Bedroom,877,0,1,1,South
2818 Apartments,https://aggiesearch.tamu.edu/housing/property/2818-apartments/1pd96b6,4,4,$479 / Bedroom,"1,282",0,1,1,South
2818 Apartments,https://aggiesearch.tamu.edu/housing/property/2818-apartments/1pd96b6,4,4,$479 / Bedroom,"1,282",0,1,1,South
2818 Apartments,https://aggiesearch.tamu.edu/housing/property/2818-apartments/1pd96b6,4,4,$479 / Bedroom,"1,282",0,1,1,South
2818 Apartments,https://aggiesearch.tamu.edu/housing/property/2818-apartments/1pd96b6,4,4,$479 / Bedroom,"1,282",0,1,1,South
2818 Apartments,https://aggiesearch.tamu.edu/housing/property/2818-apartments/1pd96b6,4,4,$479 / Bedroom,"1,282",0,1,1,South
2818 Apartments,https://aggiesearch.tamu.edu/housing/property/2818-apartments/1pd96b6,4,4,$549 / Bedroom,"1,468",0,1,1,South
2818 Apartments,https://aggiesearch.tamu.edu/housing/property/2818-apartments/1pd96b6,4,4,$549 / Bedroom,"1,468",0,1,1,South
2818 Apartments,https://aggiesearch.tamu.edu/housing/property/2818-apartments/1pd96b6,4,4,$549 / Bedroom,"1,468",0,1,1,South
2818 Apartments,https://aggiesearch.tamu.edu/housing/property/2818-apartments/1pd96b6,4,4,$549 / Bedroom,"1,468",0,1,1,South
2818 Apartments,https://aggiesearch.tamu.edu/housing/property/2818-apartments/1pd96b6,4,4,$549 / Bedroom,"1,468",0,1,1,South
2818 Apartments,https://aggiesearch.tamu.edu/housing/property/2818-apartments/1pd96b6,4,4,$575 / Bedroom,"1,538",0,1,1,South
2818 Apartments,https://aggiesearch.tamu.edu/housing/property/2818-apartments/1pd96b6,4,4,$575 / Bedroom,"1,538",0,1,1,South
2818 Apartments,https://aggiesearch.tamu.edu/housing/property/2818-apartments/1pd96b6,4,4,$575 / Bedroom,"1,538",0,1,1,South
2818 Apartments,https://aggiesearch.tamu.edu/housing/property/2818-apartments/1pd96b6,4,4,$639 / Bedroom,"1,865",0,1,1,South
2818 Apartments,https://aggiesearch.tamu.edu/housing/property/2818-apartments/1pd96b6,4,4,$639 / Bedroom,"1,865",0,1,1,South
2818 Apartments,https://aggiesearch.tamu.edu/housing/property/2818-apartments/1pd96b6,4,4,$639 / Bedroom,"1,865",0,1,1,South
2818 Apartments,https://aggiesearch.tamu.edu/housing/property/2818-apartments/1pd96b6,4,4,$639 / Bedroom,"1,865",0,1,1,South
University Terrace Apartments (Shared Space),https://aggiesearch.tamu.edu/housing/property/university-terrace-apartments/ocp9p5hqs6,1,1.5,$410 / Bedroom,"1,350",0,0,0.2,South
Scandia Apartments,https://aggiesearch.tamu.edu/housing/property/scandia-apartments/zdjzc5x,1,1,$679 - $719,576,0,1,0.7,South
Scandia Apartments,https://aggiesearch.tamu.edu/housing/property/scandia-apartments/zdjzc5x,1,1,$679 - $719,657,0,1,0.7,South
Scandia Apartments,https://aggiesearch.tamu.edu/housing/property/scandia-apartments/zdjzc5x,2,1.5,$789 - $829,797,0,1,0.7,South
Scandia Apartments,https://aggiesearch.tamu.edu/housing/property/scandia-apartments/zdjzc5x,2,2,$809 - $849,996,0,1,0.7,South
"Park West AptsTake over lease that expires in July 2021, 6th Floor fully furnished, private  (Sublet / Shared Space)",https://aggiesearch.tamu.edu/housing/property/park-west-aptstake-over-lease-that-expires-in-july-2021-6th-floor-fully-furnished-private-/ocp8b49jt2,1,1,$645 / Bedroom,,0,1,1.1,South
The Vintage Apartments,https://aggiesearch.tamu.edu/housing/property/the-vintage/6e6wrqt,1,1,$649,569,0,0,2.1,South
The Vintage Apartments,https://aggiesearch.tamu.edu/housing/property/the-vintage/6e6wrqt,2,2,$699,835,0,0,2.1,South
The Vintage Apartments,https://aggiesearch.tamu.edu/housing/property/the-vintage/6e6wrqt,2,2,$749,880,0,0,2.1,South
The Vintage Apartments,https://aggiesearch.tamu.edu/housing/property/the-vintage/6e6wrqt,2,1.5,$799,"1,000",0,0,2.1,South
Cedar Ridge at College Station Apartments,https://aggiesearch.tamu.edu/housing/property/cedar-ridge-at-college-station/cmf4shf,2,2,$795 - $860,975,0,1,1.4,South
Cedar Ridge at College Station Apartments,https://aggiesearch.tamu.edu/housing/property/cedar-ridge-at-college-station/cmf4shf,3,2,"$929 - $1,000","1,100",0,1,1.4,South
Cedar Ridge at College Station Apartments,https://aggiesearch.tamu.edu/housing/property/cedar-ridge-at-college-station/cmf4shf,3,2,$929,"1,100",0,1,1.4,South
Cedar Ridge at College Station Apartments,https://aggiesearch.tamu.edu/housing/property/cedar-ridge-at-college-station/cmf4shf,3,2,$929,"1,100",0,1,1.4,South
Cedar Ridge at College Station Apartments,https://aggiesearch.tamu.edu/housing/property/cedar-ridge-at-college-station/cmf4shf,3,2,$929,"1,100",0,1,1.4,South
Cedar Ridge at College Station Apartments,https://aggiesearch.tamu.edu/housing/property/cedar-ridge-at-college-station/cmf4shf,3,2,$929,"1,100",0,1,1.4,South
Cedar Ridge at College Station Apartments,https://aggiesearch.tamu.edu/housing/property/cedar-ridge-at-college-station/cmf4shf,3,2,$929,"1,100",0,1,1.4,South
Cedar Ridge at College Station Apartments,https://aggiesearch.tamu.edu/housing/property/cedar-ridge-at-college-station/cmf4shf,3,2,$929,"1,100",0,1,1.4,South
Cedar Ridge at College Station Apartments,https://aggiesearch.tamu.edu/housing/property/cedar-ridge-at-college-station/cmf4shf,2,1.5,"$999 - $1,040","1,156",0,1,1.4,South
Cedar Ridge at College Station Apartments,https://aggiesearch.tamu.edu/housing/property/cedar-ridge-at-college-station/cmf4shf,2,1.5,$999,"1,156",0,1,1.4,South
Cedar Ridge at College Station Apartments,https://aggiesearch.tamu.edu/housing/property/cedar-ridge-at-college-station/cmf4shf,2,2,$795,975,0,1,1.4,South
Cedar Ridge at College Station Apartments,https://aggiesearch.tamu.edu/housing/property/cedar-ridge-at-college-station/cmf4shf,2,2,$795,975,0,1,1.4,South
Cedar Ridge at College Station Apartments,https://aggiesearch.tamu.edu/housing/property/cedar-ridge-at-college-station/cmf4shf,2,2,$795,975,0,1,1.4,South
Cedar Ridge at College Station Apartments,https://aggiesearch.tamu.edu/housing/property/cedar-ridge-at-college-station/cmf4shf,3,2,$929,"1,100",0,1,1.4,South
Cedar Ridge at College Station Apartments,https://aggiesearch.tamu.edu/housing/property/cedar-ridge-at-college-station/cmf4shf,2,1.5,$999,"1,156",0,1,1.4,South
Cedar Ridge at College Station Apartments,https://aggiesearch.tamu.edu/housing/property/cedar-ridge-at-college-station/cmf4shf,1,1,$720,650,0,1,1.4,South
Cedar Ridge at College Station Apartments,https://aggiesearch.tamu.edu/housing/property/cedar-ridge-at-college-station/cmf4shf,1,1,$730,680,0,1,1.4,South
Cedar Ridge at College Station Apartments,https://aggiesearch.tamu.edu/housing/property/cedar-ridge-at-college-station/cmf4shf,2,1.5,$795 - $809,952,0,1,1.4,South
Cedar Ridge at College Station Apartments,https://aggiesearch.tamu.edu/housing/property/cedar-ridge-at-college-station/cmf4shf,2,1.5,$795 - $830,950,0,1,1.4,South
Cedar Ridge at College Station Apartments,https://aggiesearch.tamu.edu/housing/property/cedar-ridge-at-college-station/cmf4shf,2,1.5,$795 - $860,950,0,1,1.4,South
Cedar Ridge at College Station Apartments,https://aggiesearch.tamu.edu/housing/property/cedar-ridge-at-college-station/cmf4shf,2,1.5,$940,"1,105",0,1,1.4,South
Cedar Ridge at College Station Apartments,https://aggiesearch.tamu.edu/housing/property/cedar-ridge-at-college-station/cmf4shf,3,2,"$1,100","1,100",0,1,1.4,South
Cedar Ridge at College Station Apartments,https://aggiesearch.tamu.edu/housing/property/cedar-ridge-at-college-station/cmf4shf,3,2,"$1,300","1,100",0,1,1.4,South
Gateway Villa Condominiums (Sublet / Shared Space),https://aggiesearch.tamu.edu/housing/property/gateway-villa-condominiums/ocpne3p9bq,1,1.5,$467 / Bedroom,,0,0,2.4,East
Walden Pond Apartments,https://aggiesearch.tamu.edu/housing/property/walden-pond-apartments/lrm0nlf,1,1,$769 - $869,791,0,1,1.2,South
Walden Pond Apartments,https://aggiesearch.tamu.edu/housing/property/walden-pond-apartments/lrm0nlf,2,2,$869 - $949,916,0,1,1.2,South
Fox Meadows Apartments (Shared Space),https://aggiesearch.tamu.edu/housing/property/fox-meadows/ocpqc6ve1y,1,1,$342 / Bedroom,"1,200",0,0,2.9,South
Huntington Apartments,https://aggiesearch.tamu.edu/housing/property/huntington-apartments/kgj9e5b,1,1,$619 - $669,626,0,1,1.2,South
Huntington Apartments,https://aggiesearch.tamu.edu/housing/property/huntington-apartments/kgj9e5b,2,1,$689 - $729,828,0,1,1.2,South
Huntington Apartments,https://aggiesearch.tamu.edu/housing/property/huntington-apartments/kgj9e5b,2,2,$789 - $839,921,0,1,1.2,South
Huntington Apartments,https://aggiesearch.tamu.edu/housing/property/huntington-apartments/kgj9e5b,3,2,"$1,029","1,160",0,1,1.2,South
Duplex close to campus Rental (Sublet),https://aggiesearch.tamu.edu/housing/property/duplex-close-to-campus/ocp89jtp00,1,1,$450 / Bedroom,,0,0,2.8,South
Laurel Ridge Apartments,https://aggiesearch.tamu.edu/housing/property/laurel-ridge/ke4zhf9,2,2,$799 / Bedroom,854,0,1,1.5,East
Laurel Ridge Apartments,https://aggiesearch.tamu.edu/housing/property/laurel-ridge/ke4zhf10,2,2,$799,854,0,1,1.5,East
Laurel Ridge Apartments,https://aggiesearch.tamu.edu/housing/property/laurel-ridge/ke4zhf11,2,1.5,$820,827,0,1,1.5,East
Laurel Ridge Apartments,https://aggiesearch.tamu.edu/housing/property/laurel-ridge/ke4zhf12,2,1.5,$820,827,0,1,1.5,East
Laurel Ridge Apartments,https://aggiesearch.tamu.edu/housing/property/laurel-ridge/ke4zhf13,1,1,$815,868,0,1,1.5,East
Laurel Ridge Apartments,https://aggiesearch.tamu.edu/housing/property/laurel-ridge/ke4zhf14,2,1.5,$780,801,0,1,1.5,East
Laurel Ridge Apartments,https://aggiesearch.tamu.edu/housing/property/laurel-ridge/ke4zhf15,2,1.5,$830,"1,000",0,1,1.5,East
Laurel Ridge Apartments,https://aggiesearch.tamu.edu/housing/property/laurel-ridge/ke4zhf16,2,1.5,$850,"1,042",0,1,1.5,East
West University Gardens Apartments,https://aggiesearch.tamu.edu/housing/property/west-university-gardens/rd9tl83,Studio,1,$695,535,0,0,0.2,North
West University Gardens Apartments,https://aggiesearch.tamu.edu/housing/property/west-university-gardens/rd9tl83,1,1,$795,701,0,0,0.2,North
West University Gardens Apartments,https://aggiesearch.tamu.edu/housing/property/west-university-gardens/rd9tl83,1,1,$895,784,0,0,0.2,North
West University Gardens Apartments,https://aggiesearch.tamu.edu/housing/property/west-university-gardens/rd9tl83,2,2,$920,924,0,0,0.2,North
Sonoma Apartments,https://aggiesearch.tamu.edu/housing/property/sonoma-apartments/nn472rp,1,1,$695,746,0,0,1.1,South
Sonoma Apartments,https://aggiesearch.tamu.edu/housing/property/sonoma-apartments/nn472rp,2,1,$795,995,0,0,1.1,South
Sonoma Apartments,https://aggiesearch.tamu.edu/housing/property/sonoma-apartments/nn472rp,2,1,$820,995 - 1066,0,0,1.1,South
Sonoma Apartments,https://aggiesearch.tamu.edu/housing/property/sonoma-apartments/nn472rp,2,2,$825 - $870,"1,066",0,0,1.1,South
Sonoma Apartments,https://aggiesearch.tamu.edu/housing/property/sonoma-apartments/nn472rp,2,2,$895,"1,066",0,0,1.1,South
Sonoma Apartments,https://aggiesearch.tamu.edu/housing/property/sonoma-apartments/nn472rp,2,2,$825,"1,066",0,0,1.1,South
Sonoma Apartments,https://aggiesearch.tamu.edu/housing/property/sonoma-apartments/nn472rp,2,2,$870,"1,066",0,0,1.1,South
Sonoma Apartments,https://aggiesearch.tamu.edu/housing/property/sonoma-apartments/nn472rp,2,2,$870,"1,066",0,0,1.1,South
Sonoma Apartments,https://aggiesearch.tamu.edu/housing/property/sonoma-apartments/nn472rp,2,2,$895,"1,066",0,0,1.1,South
Sonoma Apartments,https://aggiesearch.tamu.edu/housing/property/sonoma-apartments/nn472rp,2,1,$795,995,0,0,1.1,South
Sonoma Apartments,https://aggiesearch.tamu.edu/housing/property/sonoma-apartments/nn472rp,2,1,$795,995,0,0,1.1,South
Sonoma Apartments,https://aggiesearch.tamu.edu/housing/property/sonoma-apartments/nn472rp,2,2,$825,"1,066",0,0,1.1,South
University Square Apartments,https://aggiesearch.tamu.edu/housing/property/university-square/5n9vhyn,1,1,$795,669,0,1,0.9,East
University Square Apartments,https://aggiesearch.tamu.edu/housing/property/university-square/5n9vhyn,1,1,$795,669,0,1,0.9,East
University Square Apartments,https://aggiesearch.tamu.edu/housing/property/university-square/5n9vhyn,2,2,$555,875,0,1,0.9,East
University Square Apartments,https://aggiesearch.tamu.edu/housing/property/university-square/5n9vhyn,2,2,"$1,110",875,0,1,0.9,East
University Square Apartments,https://aggiesearch.tamu.edu/housing/property/university-square/5n9vhyn,2,2,"$555 - $1,110 / Bedroom",875,0,1,0.9,East
Townhome (Shared Space),https://aggiesearch.tamu.edu/housing/property/townhome/ocp470d04k,1,3,$400 / Bedroom,,0,0,4.2,South
The Stack Apartments,https://aggiesearch.tamu.edu/housing/property/the-stack/nqkfern,1,1,"$1,275 / Bedroom",432,0,1,0.3,Central
The Stack Apartments,https://aggiesearch.tamu.edu/housing/property/the-stack/nqkfern,2,2,$855 / Bedroom,646 - 673,0,1,0.3,Central
The Stack Apartments,https://aggiesearch.tamu.edu/housing/property/the-stack/nqkfern,3,3,$820 - $920 / Bedroom,982,0,1,0.3,Central
The Stack Apartments,https://aggiesearch.tamu.edu/housing/property/the-stack/nqkfern,4,4,$735 - $835 / Bedroom,"1,212",0,1,0.3,Central
The Warehouse & Factory Apartments Northgate,https://aggiesearch.tamu.edu/housing/property/the-warehouse-and-factory-apartments-northgate/nxv29kp,Studio,1,"$1,119",472,0,1,0.5,Central
The Warehouse & Factory Apartments Northgate,https://aggiesearch.tamu.edu/housing/property/the-warehouse-and-factory-apartments-northgate/nxv29kp,Studio,1,"$1,149",539,0,1,0.5,Central
The Warehouse & Factory Apartments Northgate,https://aggiesearch.tamu.edu/housing/property/the-warehouse-and-factory-apartments-northgate/nxv29kp,1,1,"$1,259",623,0,1,0.5,Central
The Warehouse & Factory Apartments Northgate,https://aggiesearch.tamu.edu/housing/property/the-warehouse-and-factory-apartments-northgate/nxv29kp,2,2,$809 / Bedroom,932,0,1,0.5,Central
The Warehouse & Factory Apartments Northgate,https://aggiesearch.tamu.edu/housing/property/the-warehouse-and-factory-apartments-northgate/nxv29kp,2,1,$809 / Bedroom,916,0,1,0.5,Central
The Warehouse & Factory Apartments Northgate,https://aggiesearch.tamu.edu/housing/property/the-warehouse-and-factory-apartments-northgate/nxv29kp,3,2,$790 / Bedroom,"1,325",0,1,0.5,Central
The Warehouse & Factory Apartments Northgate,https://aggiesearch.tamu.edu/housing/property/the-warehouse-and-factory-apartments-northgate/nxv29kp,4,2,$649 / Bedroom,"1,447",0,1,0.5,Central