ApartmentName,URL,Beds,Baths,Cost,SquareFeet,Library,Fitness Center,Distance,Location
The Enclave Student Housing,https://aggiesearch.tamu.edu/housing/property/the-enclave-student-housing/6qxm0qv,2,2,559,910,0,1,0.8,South
The Enclave Student Housing,https://aggiesearch.tamu.edu/housing/property/the-enclave-student-housing/6qxm0qv,2,2,699,1025,0,1,0.8,South
ISO Male Roommate for the Fall Semester Only Townhome (Shared Space),https://aggiesearch.tamu.edu/housing/property/iso-male-roommate-for-the-fall-semester-only/ocpbb8xj3b,4,4.5,2596,1911,0,0,3,South
Northpoint Crossing Apartments,https://aggiesearch.tamu.edu/housing/property/northpoint-crossing/hlerym2,2,2,1598,819,0,1,0.5,East
Northpoint Crossing Apartments,https://aggiesearch.tamu.edu/housing/property/northpoint-crossing/hlerym2,2,2,1598,819,0,1,0.5,East
Northpoint Crossing Apartments,https://aggiesearch.tamu.edu/housing/property/northpoint-crossing/hlerym2,3,3,2457,1244,0,1,0.5,East
Northpoint Crossing Apartments,https://aggiesearch.tamu.edu/housing/property/northpoint-crossing/hlerym2,4,4,2700,1450,0,1,0.5,East
Northpoint Crossing Apartments,https://aggiesearch.tamu.edu/housing/property/northpoint-crossing/hlerym2,4,4,2700,1441,0,1,0.5,East
Northpoint Crossing Apartments,https://aggiesearch.tamu.edu/housing/property/northpoint-crossing/hlerym2,4,4,2768,1386,0,1,0.5,East
Northpoint Crossing Apartments,https://aggiesearch.tamu.edu/housing/property/northpoint-crossing/hlerym2,4,4,2768,1379,0,1,0.5,East
Northpoint Crossing Apartments,https://aggiesearch.tamu.edu/housing/property/northpoint-crossing/hlerym2,4,4,2836,1458,0,1,0.5,East
Northpoint Crossing Apartments,https://aggiesearch.tamu.edu/housing/property/northpoint-crossing/hlerym2,4,4,2836,1458,0,1,0.5,East
Northpoint Crossing Apartments,https://aggiesearch.tamu.edu/housing/property/northpoint-crossing/hlerym2,2,2,789,819,0,1,0.5,East
Northpoint Crossing Apartments,https://aggiesearch.tamu.edu/housing/property/northpoint-crossing/hlerym2,2,2,809,819,0,1,0.5,East
Northpoint Crossing Apartments,https://aggiesearch.tamu.edu/housing/property/northpoint-crossing/hlerym2,2,2,789,819,0,1,0.5,East
Northpoint Crossing Apartments,https://aggiesearch.tamu.edu/housing/property/northpoint-crossing/hlerym2,3,3,819,1244,0,1,0.5,East
Northpoint Crossing Apartments,https://aggiesearch.tamu.edu/housing/property/northpoint-crossing/hlerym2,4,4,675,1450,0,1,0.5,East
Northpoint Crossing Apartments,https://aggiesearch.tamu.edu/housing/property/northpoint-crossing/hlerym2,4,4,675,1386,0,1,0.5,East
Northpoint Crossing Apartments,https://aggiesearch.tamu.edu/housing/property/northpoint-crossing/hlerym2,4,4,679,1386,0,1,0.5,East
Northpoint Crossing Apartments,https://aggiesearch.tamu.edu/housing/property/northpoint-crossing/hlerym2,4,4,689,1386,0,1,0.5,East
Northpoint Crossing Apartments,https://aggiesearch.tamu.edu/housing/property/northpoint-crossing/hlerym2,4,4,709,1386,0,1,0.5,East
Northpoint Crossing Apartments,https://aggiesearch.tamu.edu/housing/property/northpoint-crossing/hlerym2,4,4,699,1458,0,1,0.5,East
Northpoint Crossing Apartments,https://aggiesearch.tamu.edu/housing/property/northpoint-crossing/hlerym2,4,4,719,1458,0,1,0.5,East
Northpoint Crossing Apartments,https://aggiesearch.tamu.edu/housing/property/northpoint-crossing/hlerym2,4,4,699,1422,0,1,0.5,East
Female roommate. One bedroom left. 100% Reno. Lakefront/balcony Townhome (Shared Space),https://aggiesearch.tamu.edu/housing/property/female-roommate-one-bedroom-left-100-reno-lakefront-balcony/ocpxzdp6jp,4,4,2500,1542,0,0,2.8,South
Lake Walk at Traditions Apartments,https://aggiesearch.tamu.edu/housing/property/lake-walk-at-traditions-apartments/hh29sv1,1,1,1363,760,1,1,0.7,West
Lake Walk at Traditions Apartments,https://aggiesearch.tamu.edu/housing/property/lake-walk-at-traditions-apartments/hh29sv1,1,1,1373,760,1,1,0.7,West
Lake Walk at Traditions Apartments,https://aggiesearch.tamu.edu/housing/property/lake-walk-at-traditions-apartments/hh29sv1,1,1,1397,757,1,1,0.7,West
Lake Walk at Traditions Apartments,https://aggiesearch.tamu.edu/housing/property/lake-walk-at-traditions-apartments/hh29sv1,1,1,1383,760,1,1,0.7,West
Lake Walk at Traditions Apartments,https://aggiesearch.tamu.edu/housing/property/lake-walk-at-traditions-apartments/hh29sv1,1,1,1513,768,1,1,0.7,West
Lake Walk at Traditions Apartments,https://aggiesearch.tamu.edu/housing/property/lake-walk-at-traditions-apartments/hh29sv1,1,1,1370,760,1,1,0.7,West
Lake Walk at Traditions Apartments,https://aggiesearch.tamu.edu/housing/property/lake-walk-at-traditions-apartments/hh29sv1,1,1,1380,757,1,1,0.7,West
Lake Walk at Traditions Apartments,https://aggiesearch.tamu.edu/housing/property/lake-walk-at-traditions-apartments/hh29sv1,1,1,1403,760,1,1,0.7,West
Lake Walk at Traditions Apartments,https://aggiesearch.tamu.edu/housing/property/lake-walk-at-traditions-apartments/hh29sv1,1,1,1400,763,1,1,0.7,West
Lake Walk at Traditions Apartments,https://aggiesearch.tamu.edu/housing/property/lake-walk-at-traditions-apartments/hh29sv1,1,1,1449,814,1,1,0.7,West
Lake Walk at Traditions Apartments,https://aggiesearch.tamu.edu/housing/property/lake-walk-at-traditions-apartments/hh29sv1,2,2,1819,1283,1,1,0.7,West
Lake Walk at Traditions Apartments,https://aggiesearch.tamu.edu/housing/property/lake-walk-at-traditions-apartments/hh29sv1,1,1,1223,676,1,1,0.7,West
Lake Walk at Traditions Apartments,https://aggiesearch.tamu.edu/housing/property/lake-walk-at-traditions-apartments/hh29sv1,1,1,1147,635,1,1,0.7,West
Lake Walk at Traditions Apartments,https://aggiesearch.tamu.edu/housing/property/lake-walk-at-traditions-apartments/hh29sv1,2,2,1654,1112,1,1,0.7,West
Lake Walk at Traditions Apartments,https://aggiesearch.tamu.edu/housing/property/lake-walk-at-traditions-apartments/hh29sv1,1,1,1277,819,1,1,0.7,West
Lake Walk at Traditions Apartments,https://aggiesearch.tamu.edu/housing/property/lake-walk-at-traditions-apartments/hh29sv1,3,2,1923,1425,1,1,0.7,West
Lake Walk at Traditions Apartments,https://aggiesearch.tamu.edu/housing/property/lake-walk-at-traditions-apartments/hh29sv1,2,2,1395,1024,1,1,0.7,West
Lake Walk at Traditions Apartments,https://aggiesearch.tamu.edu/housing/property/lake-walk-at-traditions-apartments/hh29sv1,2,2,1298,1037,1,1,0.7,West
Lake Walk at Traditions Apartments,https://aggiesearch.tamu.edu/housing/property/lake-walk-at-traditions-apartments/hh29sv1,2,2,1285,997,1,1,0.7,West
Lake Walk at Traditions Apartments,https://aggiesearch.tamu.edu/housing/property/lake-walk-at-traditions-apartments/hh29sv1,1,1,980,665,1,1,0.7,West
Lake Walk at Traditions Apartments,https://aggiesearch.tamu.edu/housing/property/lake-walk-at-traditions-apartments/hh29sv1,1,1,985,665,1,1,0.7,West
Lake Walk at Traditions Apartments,https://aggiesearch.tamu.edu/housing/property/lake-walk-at-traditions-apartments/hh29sv1,1,1,1009,770,1,1,0.7,West
Lake Walk at Traditions Apartments,https://aggiesearch.tamu.edu/housing/property/lake-walk-at-traditions-apartments/hh29sv1,1,1,1045,827,1,1,0.7,West
Lake Walk at Traditions Apartments,https://aggiesearch.tamu.edu/housing/property/lake-walk-at-traditions-apartments/hh29sv1,1,1,1120,785,1,1,0.7,West
Lake Walk at Traditions Apartments,https://aggiesearch.tamu.edu/housing/property/lake-walk-at-traditions-apartments/hh29sv1,1,1,1120,717,1,1,0.7,West
Lake Walk at Traditions Apartments,https://aggiesearch.tamu.edu/housing/property/lake-walk-at-traditions-apartments/hh29sv1,1,1,1126,713,1,1,0.7,West
Lake Walk at Traditions Apartments,https://aggiesearch.tamu.edu/housing/property/lake-walk-at-traditions-apartments/hh29sv1,1,1,1131,713,1,1,0.7,West
Lake Walk at Traditions Apartments,https://aggiesearch.tamu.edu/housing/property/lake-walk-at-traditions-apartments/hh29sv1,1,1,1165,744,1,1,0.7,West
Lake Walk at Traditions Apartments,https://aggiesearch.tamu.edu/housing/property/lake-walk-at-traditions-apartments/hh29sv1,1,1,1182,744,1,1,0.7,West
Lake Walk at Traditions Apartments,https://aggiesearch.tamu.edu/housing/property/lake-walk-at-traditions-apartments/hh29sv1,1,1,1265,822,1,1,0.7,West
Lake Walk at Traditions Apartments,https://aggiesearch.tamu.edu/housing/property/lake-walk-at-traditions-apartments/hh29sv1,1,1,1269,814,1,1,0.7,West
Lake Walk at Traditions Apartments,https://aggiesearch.tamu.edu/housing/property/lake-walk-at-traditions-apartments/hh29sv1,1,1,1309,760,1,1,0.7,West
Lake Walk at Traditions Apartments,https://aggiesearch.tamu.edu/housing/property/lake-walk-at-traditions-apartments/hh29sv1,1,1,1364,951,1,1,0.7,West
Lake Walk at Traditions Apartments,https://aggiesearch.tamu.edu/housing/property/lake-walk-at-traditions-apartments/hh29sv1,1,1,1470,768,1,1,0.7,West
Lake Walk at Traditions Apartments,https://aggiesearch.tamu.edu/housing/property/lake-walk-at-traditions-apartments/hh29sv1,2,2,1215,1040,1,1,0.7,West
Lake Walk at Traditions Apartments,https://aggiesearch.tamu.edu/housing/property/lake-walk-at-traditions-apartments/hh29sv1,2,2,1385,1055,1,1,0.7,West
Lake Walk at Traditions Apartments,https://aggiesearch.tamu.edu/housing/property/lake-walk-at-traditions-apartments/hh29sv1,2,2,1391,1070,1,1,0.7,West
Lake Walk at Traditions Apartments,https://aggiesearch.tamu.edu/housing/property/lake-walk-at-traditions-apartments/hh29sv1,2,2,1395,1177,1,1,0.7,West
Lake Walk at Traditions Apartments,https://aggiesearch.tamu.edu/housing/property/lake-walk-at-traditions-apartments/hh29sv1,2,2,1422,1173,1,1,0.7,West
Lake Walk at Traditions Apartments,https://aggiesearch.tamu.edu/housing/property/lake-walk-at-traditions-apartments/hh29sv1,2,2,1445,1117,1,1,0.7,West
Lake Walk at Traditions Apartments,https://aggiesearch.tamu.edu/housing/property/lake-walk-at-traditions-apartments/hh29sv1,2,2,1445,1203,1,1,0.7,West
Lake Walk at Traditions Apartments,https://aggiesearch.tamu.edu/housing/property/lake-walk-at-traditions-apartments/hh29sv1,2,2,1450,1186,1,1,0.7,West
Lake Walk at Traditions Apartments,https://aggiesearch.tamu.edu/housing/property/lake-walk-at-traditions-apartments/hh29sv1,2,2,1459,1133,1,1,0.7,West
Lake Walk at Traditions Apartments,https://aggiesearch.tamu.edu/housing/property/lake-walk-at-traditions-apartments/hh29sv1,2,2,1479,1055,1,1,0.7,West
Lake Walk at Traditions Apartments,https://aggiesearch.tamu.edu/housing/property/lake-walk-at-traditions-apartments/hh29sv1,2,2,1580,1133,1,1,0.7,West
Lake Walk at Traditions Apartments,https://aggiesearch.tamu.edu/housing/property/lake-walk-at-traditions-apartments/hh29sv1,2,2,1609,1272,1,1,0.7,West
Lake Walk at Traditions Apartments,https://aggiesearch.tamu.edu/housing/property/lake-walk-at-traditions-apartments/hh29sv1,2,2,1615,1133,1,1,0.7,West
Lake Walk at Traditions Apartments,https://aggiesearch.tamu.edu/housing/property/lake-walk-at-traditions-apartments/hh29sv1,2,2,1675,1225,1,1,0.7,West
Lake Walk at Traditions Apartments,https://aggiesearch.tamu.edu/housing/property/lake-walk-at-traditions-apartments/hh29sv1,2,2,1679,1186,1,1,0.7,West
Lake Walk at Traditions Apartments,https://aggiesearch.tamu.edu/housing/property/lake-walk-at-traditions-apartments/hh29sv1,2,2,1684,1283,1,1,0.7,West
Lake Walk at Traditions Apartments,https://aggiesearch.tamu.edu/housing/property/lake-walk-at-traditions-apartments/hh29sv1,3,2,1517,1373,1,1,0.7,West
Lake Walk at Traditions Apartments,https://aggiesearch.tamu.edu/housing/property/lake-walk-at-traditions-apartments/hh29sv1,3,2,1655,1373,1,1,0.7,West
Corporate Condo/Townhome--Short Term or Long Term Lease,https://aggiesearch.tamu.edu/housing/property/corporate-condo-townhome-short-term-or-long-term-lease/ocpw1hq38k,2,2.5,2500,1133,0,1,1.9,East
Caprock Crossing,https://aggiesearch.tamu.edu/housing/property/caprock-crossing/1tj0kr7,1,1,1065,713,0,1,8.4,South
Caprock Crossing,https://aggiesearch.tamu.edu/housing/property/caprock-crossing/1tj0kr7,1,1,1100,773,0,1,8.4,South
Caprock Crossing,https://aggiesearch.tamu.edu/housing/property/caprock-crossing/1tj0kr7,1,1,1325,901,0,1,8.4,South
Caprock Crossing,https://aggiesearch.tamu.edu/housing/property/caprock-crossing/1tj0kr7,2,2,1370,915,0,1,8.4,South
Caprock Crossing,https://aggiesearch.tamu.edu/housing/property/caprock-crossing/1tj0kr7,2,2,1485,1017,0,1,8.4,South
Caprock Crossing,https://aggiesearch.tamu.edu/housing/property/caprock-crossing/1tj0kr7,2,2,1720,1199,0,1,8.4,South
Caprock Crossing,https://aggiesearch.tamu.edu/housing/property/caprock-crossing/1tj0kr7,3,2,1755,1303,0,1,8.4,South
"Townhouse near campus 3 BR 1 1/2 BA, 1152 sqf with backyard, carport , on TAMU bus route (Shared Space)",https://aggiesearch.tamu.edu/housing/property/townhouse-near-campus-3-br-1-1-2-ba-1152-sqf-with-backyard-carport-on-tamu-bus-route/ocp0f22jk2,3,1.5,985,1152,0,0,2.1,South
U Centre at Northgate Apartments,https://aggiesearch.tamu.edu/housing/property/u-centre-at-northgate/ocpth9188c,4,4,2816,1546,0,1,0.3,Central
U Centre at Northgate Apartments,https://aggiesearch.tamu.edu/housing/property/u-centre-at-northgate/ocpth9188c,4,4.5,3036,2100,0,1,0.3,Central
U Centre at Northgate Apartments,https://aggiesearch.tamu.edu/housing/property/u-centre-at-northgate/ocpth9188c,4,4,2756,1546,0,1,0.3,Central
1 Master bedroom in a 3b house Townhome (Shared Space),https://aggiesearch.tamu.edu/housing/property/1-master-bedroom-in-a-3b-house/ocpvr2h6ye,1,1,590,628,0,0,1.9,South
The Presidio Apartments,https://aggiesearch.tamu.edu/housing/property/the-presidio-apartments/nn2801m,2,2,1115,961,0,1,0.5,North
The Presidio Apartments,https://aggiesearch.tamu.edu/housing/property/the-presidio-apartments/nn2801m,2,2,1034,961,0,1,0.5,North
The Presidio Apartments,https://aggiesearch.tamu.edu/housing/property/the-presidio-apartments/nn2801m,1,1,990,760,0,1,0.5,North
The Presidio Apartments,https://aggiesearch.tamu.edu/housing/property/the-presidio-apartments/nn2801m,1,1,919,760,0,1,0.5,North
The Presidio Apartments,https://aggiesearch.tamu.edu/housing/property/the-presidio-apartments/nn2801m,1,1,930,623,0,1,0.5,North
The Presidio Apartments,https://aggiesearch.tamu.edu/housing/property/the-presidio-apartments/nn2801m,1,1,819,623,0,1,0.5,North
The Presidio Apartments,https://aggiesearch.tamu.edu/housing/property/the-presidio-apartments/nn2801m,1,1,819,623,0,1,0.5,North
The Presidio Apartments,https://aggiesearch.tamu.edu/housing/property/the-presidio-apartments/nn2801m,1,1,955,665,0,1,0.5,North
The Presidio Apartments,https://aggiesearch.tamu.edu/housing/property/the-presidio-apartments/nn2801m,2,2,1220,1086,0,1,0.5,North
The Presidio Apartments,https://aggiesearch.tamu.edu/housing/property/the-presidio-apartments/nn2801m,2,2,1280,1170,0,1,0.5,North
The Presidio Apartments,https://aggiesearch.tamu.edu/housing/property/the-presidio-apartments/nn2801m,3,2,1320,1215,0,1,0.5,North
"708 San Mario, College Station Rental",https://aggiesearch.tamu.edu/housing/property/708-san-mario-college-station/ocp6r1ng7s,3,1.5,1100,1050,0,0,3.3,South
U Club Townhomes on Marion Pugh,https://aggiesearch.tamu.edu/housing/property/u-club-townhomes-on-marion-pugh/ocp4gpzz8j,4,4,2396,1542,0,1,1.6,South
U Club Townhomes on Marion Pugh,https://aggiesearch.tamu.edu/housing/property/u-club-townhomes-on-marion-pugh/ocp4gpzz8j,4,4,2236,1542,0,1,1.6,South
"3809 Oaklawn, house close to campus Rental",https://aggiesearch.tamu.edu/housing/property/3809-oaklawn-house-close-to-campus/ocpmpdvnmk,4,4.5,2300,2100,0,0,0.7,Central
The Element at University Park Apartments,https://aggiesearch.tamu.edu/housing/property/the-element-at-university-park/nkt941m,2,2,1206,450,0,0,1.4,East
The Element at University Park Apartments,https://aggiesearch.tamu.edu/housing/property/the-element-at-university-park/nkt941m,2,2,643,450,0,0,1.4,East
The Element at University Park Apartments,https://aggiesearch.tamu.edu/housing/property/the-element-at-university-park/nkt941m,2,2,1120,900,0,0,1.4,East
The Element at University Park Apartments,https://aggiesearch.tamu.edu/housing/property/the-element-at-university-park/nkt941m,2,2,1105,900,0,0,1.4,East
The Element at University Park Apartments,https://aggiesearch.tamu.edu/housing/property/the-element-at-university-park/nkt941m,2,2,1126,450,0,0,1.4,East
The Element at University Park Apartments,https://aggiesearch.tamu.edu/housing/property/the-element-at-university-park/nkt941m,2,2,563,450,0,0,1.4,East
The Element at University Park Apartments,https://aggiesearch.tamu.edu/housing/property/the-element-at-university-park/nkt941m,2,2,1040,837,0,0,1.4,East
The Element at University Park Apartments,https://aggiesearch.tamu.edu/housing/property/the-element-at-university-park/nkt941m,2,1.5,1027,837,0,0,1.4,East
The Element at University Park Apartments,https://aggiesearch.tamu.edu/housing/property/the-element-at-university-park/nkt941m,2,2,573,450,0,0,1.4,East
The Element at University Park Apartments,https://aggiesearch.tamu.edu/housing/property/the-element-at-university-park/nkt941m,2,2,598,450,0,0,1.4,East
The Element at University Park Apartments,https://aggiesearch.tamu.edu/housing/property/the-element-at-university-park/nkt941m,2,2,1115,900,0,0,1.4,East
The Element at University Park Apartments,https://aggiesearch.tamu.edu/housing/property/the-element-at-university-park/nkt941m,2,2,563,450,0,0,1.4,East
The Element at University Park Apartments,https://aggiesearch.tamu.edu/housing/property/the-element-at-university-park/nkt941m,2,2,563,450,0,0,1.4,East
The Element at University Park Apartments,https://aggiesearch.tamu.edu/housing/property/the-element-at-university-park/nkt941m,2,2,1005,837,0,0,1.4,East
The Element at University Park Apartments,https://aggiesearch.tamu.edu/housing/property/the-element-at-university-park/nkt941m,2,2,1005,837,0,0,1.4,East
The Element at University Park Apartments,https://aggiesearch.tamu.edu/housing/property/the-element-at-university-park/nkt941m,2,2,1015,837,0,0,1.4,East
The Element at University Park Apartments,https://aggiesearch.tamu.edu/housing/property/the-element-at-university-park/nkt941m,2,2,1040,837,0,0,1.4,East
The Element at University Park Apartments,https://aggiesearch.tamu.edu/housing/property/the-element-at-university-park/nkt941m,2,2,1045,837,0,0,1.4,East
The Element at University Park Apartments,https://aggiesearch.tamu.edu/housing/property/the-element-at-university-park/nkt941m,2,1.5,1027,837,0,0,1.4,East
The Element at University Park Apartments,https://aggiesearch.tamu.edu/housing/property/the-element-at-university-park/nkt941m,2,1.5,1027,837,0,0,1.4,East
The Element at University Park Apartments,https://aggiesearch.tamu.edu/housing/property/the-element-at-university-park/nkt941m,2,2,563,450,0,0,1.4,East
The Element at University Park Apartments,https://aggiesearch.tamu.edu/housing/property/the-element-at-university-park/nkt941m,2,2,588,450,0,0,1.4,East
The Element at University Park Apartments,https://aggiesearch.tamu.edu/housing/property/the-element-at-university-park/nkt941m,2,2,1115,900,0,0,1.4,East
The Element at University Park Apartments,https://aggiesearch.tamu.edu/housing/property/the-element-at-university-park/nkt941m,1,1,932,683,0,0,1.4,East
The Element at University Park Apartments,https://aggiesearch.tamu.edu/housing/property/the-element-at-university-park/nkt941m,1,1,939,683,0,0,1.4,East
The Element at University Park Apartments,https://aggiesearch.tamu.edu/housing/property/the-element-at-university-park/nkt941m,2,2,1135,900,0,0,1.4,East
The Element at University Park Apartments,https://aggiesearch.tamu.edu/housing/property/the-element-at-university-park/nkt941m,2,2,1075,837,0,0,1.4,East
The Element at University Park Apartments,https://aggiesearch.tamu.edu/housing/property/the-element-at-university-park/nkt941m,2,2,563,450,0,0,1.4,East
The Element at University Park Apartments,https://aggiesearch.tamu.edu/housing/property/the-element-at-university-park/nkt941m,1,1,924,683,0,0,1.4,East
The Element at University Park Apartments,https://aggiesearch.tamu.edu/housing/property/the-element-at-university-park/nkt941m,1,1,889,638,0,0,1.4,East
2x2 at the tradition Apartments (Shared Space),https://aggiesearch.tamu.edu/housing/property/2x2-at-the-tradition/ocpblctfm8,1,2,610,1274,0,1,0.3,Central
The Zone Apartments,https://aggiesearch.tamu.edu/housing/property/the-zone/9h39zc6,1,1,859,565,0,1,1.3,South
The Zone Apartments,https://aggiesearch.tamu.edu/housing/property/the-zone/9h39zc6,2,2,1050,866,0,1,1.3,South
The Zone Apartments,https://aggiesearch.tamu.edu/housing/property/the-zone/9h39zc6,3,3,1257,1107,0,1,1.3,South
The Zone Apartments,https://aggiesearch.tamu.edu/housing/property/the-zone/9h39zc6,3,3,1347,1149,0,1,1.3,South
The Zone Apartments,https://aggiesearch.tamu.edu/housing/property/the-zone/9h39zc6,4,2,1636,1289,0,1,1.3,South
The Zone Apartments,https://aggiesearch.tamu.edu/housing/property/the-zone/9h39zc6,4,4,1796,1398,0,1,1.3,South
"Park West AptsTake over lease that expires in July 2021, 6th Floor fully furnished, private  (Sublet / Shared Space)",https://aggiesearch.tamu.edu/housing/property/park-west-aptstake-over-lease-that-expires-in-july-2021-6th-floor-fully-furnished-private-/ocp8b49jt2,1,1,645,628,0,1,1.1,South
Uptown 408 Apartments,https://aggiesearch.tamu.edu/housing/property/uptown-408/le41lpf,1,1.5,1175,829,0,0,0.5,Central
"The Cottages Apartments, close to campus and furnished (Sublet)",https://aggiesearch.tamu.edu/housing/property/the-cottages-apartments-close-to-campus-and-furnished/ocpnhjwwzm,1,4,530,1408,0,1,1.5,South
Park West Tower 4x4 Apartments (Sublet),https://aggiesearch.tamu.edu/housing/property/park-west-tower-4x4-apartments/ocpl417xxe,1,4,770,1361,0,1,0.9,South
Crossing Place Apartments,https://aggiesearch.tamu.edu/housing/property/crossing-place/pl57czt,4,2,1516,1107,0,1,2.5,South
1810 Treehouse Trail. Move in ready! Rental,https://aggiesearch.tamu.edu/housing/property/1810-treehouse-trail-move-in-ready/ocph7mznq3,3,2,1100,1260,0,0,2.7,South
Callaway Villas Apartments,https://aggiesearch.tamu.edu/housing/property/callaway-villas/ocpshbrhg5,2,2,1458,948,0,1,1.6,South
Callaway Villas Apartments,https://aggiesearch.tamu.edu/housing/property/callaway-villas/ocpshbrhg5,2,2.5,1178,1275,0,1,1.6,South
Callaway Villas Apartments,https://aggiesearch.tamu.edu/housing/property/callaway-villas/ocpshbrhg5,4,2.5,1976,2170,0,1,1.6,South
Callaway Villas Apartments,https://aggiesearch.tamu.edu/housing/property/callaway-villas/ocpshbrhg5,4,4,2176,1542,0,1,1.6,South
Callaway Villas Apartments,https://aggiesearch.tamu.edu/housing/property/callaway-villas/ocpshbrhg5,4,4,2236,1542,0,1,1.6,South
"Brand New House w/ move in date of August 13, 2021 ISO one male roommate Rental (Sublet)",https://aggiesearch.tamu.edu/housing/property/brand-new-house-w-move-in-date-of-august-13-2021-iso-one-male-roommate/ocp4v1tr7h,5,5,3200,2179,0,0,3.1,South
Ariza College Station Apartments,https://aggiesearch.tamu.edu/housing/property/ariza-college-station/ddgddfl,2,2,1330,1040,0,1,2.8,East
Ariza College Station Apartments,https://aggiesearch.tamu.edu/housing/property/ariza-college-station/ddgddfl,2,2,1330,1040,0,1,2.8,East
Ariza College Station Apartments,https://aggiesearch.tamu.edu/housing/property/ariza-college-station/ddgddfl,1,1,955,660,0,1,2.8,East
Ariza College Station Apartments,https://aggiesearch.tamu.edu/housing/property/ariza-college-station/ddgddfl,1,1,1030,744,0,1,2.8,East
Ariza College Station Apartments,https://aggiesearch.tamu.edu/housing/property/ariza-college-station/ddgddfl,1,1,1035,735,0,1,2.8,East
Ariza College Station Apartments,https://aggiesearch.tamu.edu/housing/property/ariza-college-station/ddgddfl,1,1,1060,752,0,1,2.8,East
Ariza College Station Apartments,https://aggiesearch.tamu.edu/housing/property/ariza-college-station/ddgddfl,2,2,1315,1007,0,1,2.8,East
Ariza College Station Apartments,https://aggiesearch.tamu.edu/housing/property/ariza-college-station/ddgddfl,2,2,1325,1037,0,1,2.8,East
Ariza College Station Apartments,https://aggiesearch.tamu.edu/housing/property/ariza-college-station/ddgddfl,2,2,1330,1042,0,1,2.8,East
Ariza College Station Apartments,https://aggiesearch.tamu.edu/housing/property/ariza-college-station/ddgddfl,3,2,1590,1273,0,1,2.8,East
Lincoln Avenue House Rental (Shared Space),https://aggiesearch.tamu.edu/housing/property/lincoln-avenue-house/ocpb0pj4zb,1,2,600,1300,0,0,1.2,East
Forest Pines Apartments,https://aggiesearch.tamu.edu/housing/property/forest-pines-apartments/3m6vvtg,1,1,950,731,0,1,1.1,North
Forest Pines Apartments,https://aggiesearch.tamu.edu/housing/property/forest-pines-apartments/3m6vvtg,1,1,999,731,0,1,1.1,North
Forest Pines Apartments,https://aggiesearch.tamu.edu/housing/property/forest-pines-apartments/3m6vvtg,2,2,1100,983,0,1,1.1,North
Forest Pines Apartments,https://aggiesearch.tamu.edu/housing/property/forest-pines-apartments/3m6vvtg,2,2,1175,983,0,1,1.1,North
The Lofts at Wolf Pen Creek,https://aggiesearch.tamu.edu/housing/property/the-lofts-at-wolf-pen-creek/zx536cx,1,1,1100,863,0,1,1.4,South
The Lofts at Wolf Pen Creek,https://aggiesearch.tamu.edu/housing/property/the-lofts-at-wolf-pen-creek/zx536cx,2,2,1280,950,0,1,1.4,South
The Lofts at Wolf Pen Creek,https://aggiesearch.tamu.edu/housing/property/the-lofts-at-wolf-pen-creek/zx536cx,2,2,1280,982,0,1,1.4,South
The Lofts at Wolf Pen Creek,https://aggiesearch.tamu.edu/housing/property/the-lofts-at-wolf-pen-creek/zx536cx,2,2,1360,1025,0,1,1.4,South
The Lofts at Wolf Pen Creek,https://aggiesearch.tamu.edu/housing/property/the-lofts-at-wolf-pen-creek/zx536cx,2,2,1380,1084,0,1,1.4,South
The Lofts at Wolf Pen Creek,https://aggiesearch.tamu.edu/housing/property/the-lofts-at-wolf-pen-creek/zx536cx,2,2.5,1420,1315,0,1,1.4,South
The Lofts at Wolf Pen Creek,https://aggiesearch.tamu.edu/housing/property/the-lofts-at-wolf-pen-creek/zx536cx,2,2,1580,1277,0,1,1.4,South
The Lofts at Wolf Pen Creek,https://aggiesearch.tamu.edu/housing/property/the-lofts-at-wolf-pen-creek/zx536cx,3,3,1635,1223,0,1,1.4,South
The Lofts at Wolf Pen Creek,https://aggiesearch.tamu.edu/housing/property/the-lofts-at-wolf-pen-creek/zx536cx,4,4,2040,1356,0,1,1.4,South
The Lofts at Wolf Pen Creek,https://aggiesearch.tamu.edu/housing/property/the-lofts-at-wolf-pen-creek/zx536cx,4,4,2140,1947,0,1,1.4,South
The Lofts at Wolf Pen Creek,https://aggiesearch.tamu.edu/housing/property/the-lofts-at-wolf-pen-creek/zx536cx,1,1,960,612,0,1,1.4,South
Bosque Rental (Shared Space),https://aggiesearch.tamu.edu/housing/property/bosque/ocpyw4w91s,2,1.5,675,700,0,0,2.8,South
Callaway Villas Apartments,https://aggiesearch.tamu.edu/housing/property/callaway-villas/ocpshbrhg5,2,2,1458,948,0,1,1.6,South
Callaway Villas Apartments,https://aggiesearch.tamu.edu/housing/property/callaway-villas/ocpshbrhg5,2,2.5,1178,1275,0,1,1.6,South
Callaway Villas Apartments,https://aggiesearch.tamu.edu/housing/property/callaway-villas/ocpshbrhg5,4,2.5,1976,2170,0,1,1.6,South
Callaway Villas Apartments,https://aggiesearch.tamu.edu/housing/property/callaway-villas/ocpshbrhg5,4,4,2176,1542,0,1,1.6,South
Callaway Villas Apartments,https://aggiesearch.tamu.edu/housing/property/callaway-villas/ocpshbrhg5,4,4,2236,1542,0,1,1.6,South
Furnished 3/2 Townhome Across from Campus Golf Course,https://aggiesearch.tamu.edu/housing/property/furnished-3-2-townhome-across-from-campus-golf-course/ocpv18hjve,3,2,1850,1350,0,0,0.6,South
Park West Apartments,https://aggiesearch.tamu.edu/housing/property/park-west/6b6fkqs,4,4,2960,1361,0,1,1.2,South
Park West Apartments,https://aggiesearch.tamu.edu/housing/property/park-west/6b6fkqs,4,4,3060,1435,0,1,1.2,South
Park West Apartments,https://aggiesearch.tamu.edu/housing/property/park-west/6b6fkqs,1,1,1049,455,0,1,1.2,South
Park West Apartments,https://aggiesearch.tamu.edu/housing/property/park-west/6b6fkqs,1,1,1110,467,0,1,1.2,South
Park West Apartments,https://aggiesearch.tamu.edu/housing/property/park-west/6b6fkqs,1,1,1125,467,0,1,1.2,South
Park West Apartments,https://aggiesearch.tamu.edu/housing/property/park-west/6b6fkqs,1,1,1165,615,0,1,1.2,South
Park West Apartments,https://aggiesearch.tamu.edu/housing/property/park-west/6b6fkqs,2,2,1570,905,0,1,1.2,South
Park West Apartments,https://aggiesearch.tamu.edu/housing/property/park-west/6b6fkqs,2,2,1580,714,0,1,1.2,South
Park West Apartments,https://aggiesearch.tamu.edu/housing/property/park-west/6b6fkqs,2,2,1690,714,0,1,1.2,South
Park West Apartments,https://aggiesearch.tamu.edu/housing/property/park-west/6b6fkqs,3,3,2130,1170,0,1,1.2,South
Park West Apartments,https://aggiesearch.tamu.edu/housing/property/park-west/6b6fkqs,3,3,2175,1105,0,1,1.2,South
Park West Apartments,https://aggiesearch.tamu.edu/housing/property/park-west/6b6fkqs,3,3,2175,1105,0,1,1.2,South
Park West Apartments,https://aggiesearch.tamu.edu/housing/property/park-west/6b6fkqs,3,3,2205,1178,0,1,1.2,South
Park West Apartments,https://aggiesearch.tamu.edu/housing/property/park-west/6b6fkqs,4,2,2140,1191,0,1,1.2,South
Park West Apartments,https://aggiesearch.tamu.edu/housing/property/park-west/6b6fkqs,4,2,2320,1191,0,1,1.2,South
Park West Apartments,https://aggiesearch.tamu.edu/housing/property/park-west/6b6fkqs,4,2,2340,1316,0,1,1.2,South
Park West Apartments,https://aggiesearch.tamu.edu/housing/property/park-west/6b6fkqs,4,2,2460,1316,0,1,1.2,South
Park West Apartments,https://aggiesearch.tamu.edu/housing/property/park-west/6b6fkqs,4,4,2860,1435,0,1,1.2,South
Wolf Run Condos,https://aggiesearch.tamu.edu/housing/property/wolf-run-condos/ocp7r115pz,2,2,1100,1100,0,0,0.7,Central
PRE LEASE for fall Male roommate needed for 4/4 UNIVERSITY PLACE CONDO (Shared Space),https://aggiesearch.tamu.edu/housing/property/pre-lease-for-fall-male-roommate-needed-for-4-4-university-place-condo/ocpjemrkq4,4,4,1400,1236,0,0,2.6,South
Steeple Chase near Welborne HEB Rental (Shared Space),https://aggiesearch.tamu.edu/housing/property/steeple-chase-near-welborne-heb/ocpgx669dz,1,2,575,1300,0,0,3.1,South
Apartment The Tradition - 2Bx2B - sublet 1 or 2 bedroom (Sublet / Shared Space),https://aggiesearch.tamu.edu/housing/property/apartment-the-tradition-2bx2b-sublet-1-or-2-bedroom/ocpr41k8r3,2,2,1220,1008,0,1,0.3,Central
The Tradition Apartments (Sublet / Shared Space),https://aggiesearch.tamu.edu/housing/property/the-tradition/ocpqtrl0dz,1,1,595,538,0,1,0.3,Central
Cherry Street Apartments at Northgate,https://aggiesearch.tamu.edu/housing/property/cherry-street-apartments-at-northgate/d7ms87l,2,2,1398,818,0,1,0.4,Central
"Condo located near A&M campus, shopping, restaurants and bars (Shared Space)",https://aggiesearch.tamu.edu/housing/property/condo-located-near-a-and-m-campus-shopping-restaurants-and-bars/ocpmml37vh,1,2.5,575,1200,0,0,1.2,South
Aggie Station Apartments,https://aggiesearch.tamu.edu/housing/property/aggie-station-apartments/ocp7rzt1bw,2,2,1258,1008,0,1,0.8,Central
Aggie Station Apartments,https://aggiesearch.tamu.edu/housing/property/aggie-station-apartments/ocp7rzt1bw,3,3,1662,1215,0,1,0.8,Central
Aggie Station Apartments,https://aggiesearch.tamu.edu/housing/property/aggie-station-apartments/ocp7rzt1bw,4,4,2136,1546,0,1,0.8,Central
Steeplechase neighborhood Rental (Shared Space),https://aggiesearch.tamu.edu/housing/property/steeplechase-neighborhood/ocpc8nbdsd,1,2,600,1368,0,0,3,South
Stanford Rental (Shared Space),https://aggiesearch.tamu.edu/housing/property/stanford/ocpl46c12g,2,1.5,825,850,0,0,1.4,South
Wild Plum House Rental (Shared Space),https://aggiesearch.tamu.edu/housing/property/wild-plum-house/ocplq69r2d,4,4,1700,1542,0,0,4.1,South
Camber Villas Apartments,https://aggiesearch.tamu.edu/housing/property/camber-villas/yhv4jyv,1,1,1102,593,0,1,2.9,North
Camber Villas Apartments,https://aggiesearch.tamu.edu/housing/property/camber-villas/yhv4jyv,1,1,1039,593,0,1,2.9,North
Camber Villas Apartments,https://aggiesearch.tamu.edu/housing/property/camber-villas/yhv4jyv,1,1,1122,664,0,1,2.9,North
Camber Villas Apartments,https://aggiesearch.tamu.edu/housing/property/camber-villas/yhv4jyv,1,1,1059,664,0,1,2.9,North
Camber Villas Apartments,https://aggiesearch.tamu.edu/housing/property/camber-villas/yhv4jyv,2,2,1384,887,0,1,2.9,North
Camber Villas Apartments,https://aggiesearch.tamu.edu/housing/property/camber-villas/yhv4jyv,2,2,1258,887,0,1,2.9,North
Camber Villas Apartments,https://aggiesearch.tamu.edu/housing/property/camber-villas/yhv4jyv,2,2,1398,976,0,1,2.9,North
Camber Villas Apartments,https://aggiesearch.tamu.edu/housing/property/camber-villas/yhv4jyv,2,2,1398,976,0,1,2.9,North
Camber Villas Apartments,https://aggiesearch.tamu.edu/housing/property/camber-villas/yhv4jyv,2,2,1524,936,0,1,2.9,North
Camber Villas Apartments,https://aggiesearch.tamu.edu/housing/property/camber-villas/yhv4jyv,2,2,1398,936,0,1,2.9,North
Camber Villas Apartments,https://aggiesearch.tamu.edu/housing/property/camber-villas/yhv4jyv,3,3,2046,1313,0,1,2.9,North
Camber Villas Apartments,https://aggiesearch.tamu.edu/housing/property/camber-villas/yhv4jyv,3,3,1857,1313,0,1,2.9,North
Camber Villas Apartments,https://aggiesearch.tamu.edu/housing/property/camber-villas/yhv4jyv,4,4,2448,1524,0,1,2.9,North
Camber Villas Apartments,https://aggiesearch.tamu.edu/housing/property/camber-villas/yhv4jyv,4,4,2196,1524,0,1,2.9,North
Camber Villas Apartments,https://aggiesearch.tamu.edu/housing/property/camber-villas/yhv4jyv,4,4,2528,1709,0,1,2.9,North
Camber Villas Apartments,https://aggiesearch.tamu.edu/housing/property/camber-villas/yhv4jyv,4,4,2276,1709,0,1,2.9,North
Camber Villas Apartments,https://aggiesearch.tamu.edu/housing/property/camber-villas/yhv4jyv,1,1,1039,593,0,1,2.9,North
Camber Villas Apartments,https://aggiesearch.tamu.edu/housing/property/camber-villas/yhv4jyv,1,1,1164,593,0,1,2.9,North
Camber Villas Apartments,https://aggiesearch.tamu.edu/housing/property/camber-villas/yhv4jyv,1,1,1059,664,0,1,2.9,North
Camber Villas Apartments,https://aggiesearch.tamu.edu/housing/property/camber-villas/yhv4jyv,1,1,1184,664,0,1,2.9,North
Camber Villas Apartments,https://aggiesearch.tamu.edu/housing/property/camber-villas/yhv4jyv,2,2,1258,887,0,1,2.9,North
Camber Villas Apartments,https://aggiesearch.tamu.edu/housing/property/camber-villas/yhv4jyv,2,2,1508,887,0,1,2.9,North
Camber Villas Apartments,https://aggiesearch.tamu.edu/housing/property/camber-villas/yhv4jyv,2,2,1398,976,0,1,2.9,North
Camber Villas Apartments,https://aggiesearch.tamu.edu/housing/property/camber-villas/yhv4jyv,2,2,1398,976,0,1,2.9,North
Camber Villas Apartments,https://aggiesearch.tamu.edu/housing/property/camber-villas/yhv4jyv,2,2,1398,936,0,1,2.9,North
Camber Villas Apartments,https://aggiesearch.tamu.edu/housing/property/camber-villas/yhv4jyv,2,2,1648,936,0,1,2.9,North
Camber Villas Apartments,https://aggiesearch.tamu.edu/housing/property/camber-villas/yhv4jyv,3,3,1857,1313,0,1,2.9,North
Camber Villas Apartments,https://aggiesearch.tamu.edu/housing/property/camber-villas/yhv4jyv,3,3,2232,1313,0,1,2.9,North
Camber Villas Apartments,https://aggiesearch.tamu.edu/housing/property/camber-villas/yhv4jyv,4,4,2196,1524,0,1,2.9,North
Camber Villas Apartments,https://aggiesearch.tamu.edu/housing/property/camber-villas/yhv4jyv,4,4,2696,1524,0,1,2.9,North
Camber Villas Apartments,https://aggiesearch.tamu.edu/housing/property/camber-villas/yhv4jyv,4,4,2276,1709,0,1,2.9,North
Camber Villas Apartments,https://aggiesearch.tamu.edu/housing/property/camber-villas/yhv4jyv,4,4,2776,1709,0,1,2.9,North
University Terrace Apartments (Shared Space),https://aggiesearch.tamu.edu/housing/property/university-terrace-apartments/ocp9p5hqs6,1,1.5,410,1350,0,0,0.2,South
Aspen Heights Townhome,https://aggiesearch.tamu.edu/housing/property/aspen-heights/ocpq6v1ncx,5,5.5,3095,2187,0,1,2,South
100 Park Apartments,https://aggiesearch.tamu.edu/housing/property/100-park/9dw99d7,2,2,1788,1019,0,1,0.4,Central
100 Park Apartments,https://aggiesearch.tamu.edu/housing/property/100-park/9dw99d7,2,2,1949,1068,0,1,0.4,Central
102 Park Apartments,https://aggiesearch.tamu.edu/housing/property/100-park/9dw99d7,2,2,1851,1084,0,1,0.4,Central
103 Park Apartments,https://aggiesearch.tamu.edu/housing/property/100-park/9dw99d7,2,2,1851,1084,0,1,0.4,Central
104 Park Apartments,https://aggiesearch.tamu.edu/housing/property/100-park/9dw99d7,2,2,1876,1084,0,1,0.4,Central
105 Park Apartments,https://aggiesearch.tamu.edu/housing/property/100-park/9dw99d7,2,2,1951,1084,0,1,0.4,Central
106 Park Apartments,https://aggiesearch.tamu.edu/housing/property/100-park/9dw99d7,2,2,2046,1052,0,1,0.4,Central
107 Park Apartments,https://aggiesearch.tamu.edu/housing/property/100-park/9dw99d7,1,1,1279,696,0,1,0.4,Central
108 Park Apartments,https://aggiesearch.tamu.edu/housing/property/100-park/9dw99d7,1,1,1279,696,0,1,0.4,Central
109 Park Apartments,https://aggiesearch.tamu.edu/housing/property/100-park/9dw99d7,1,1,1401,751,0,1,0.4,Central
110 Park Apartments,https://aggiesearch.tamu.edu/housing/property/100-park/9dw99d7,1,1,1422,759,0,1,0.4,Central
111 Park Apartments,https://aggiesearch.tamu.edu/housing/property/100-park/9dw99d7,2,2,1951,1084,0,1,0.4,Central
112 Park Apartments,https://aggiesearch.tamu.edu/housing/property/100-park/9dw99d7,1,1,1379,742,0,1,0.4,Central
113 Park Apartments,https://aggiesearch.tamu.edu/housing/property/100-park/9dw99d7,2,2,1876,1084,0,1,0.4,Central
114 Park Apartments,https://aggiesearch.tamu.edu/housing/property/100-park/9dw99d7,2,2,1951,1084,0,1,0.4,Central
"House in Edgewater Subdivision, Bryan, very close to campus, restaurants, shopping centers, etc. Rental (Shared Space)",https://aggiesearch.tamu.edu/housing/property/house-in-edgewater-subdivision-bryan-very-close-to-campus-restaurants-shopping-centers-etc/ocp40re44k,3,2,2250,1500,0,0,2.5,West
Gateway At College Station Apartments,https://aggiesearch.tamu.edu/housing/property/gateway-at-college-station/wjzwqth,1,1,975,573,0,1,1.6,South
Gateway At College Station Apartments,https://aggiesearch.tamu.edu/housing/property/gateway-at-college-station/wjzwqth,4,2,1580,1279,0,1,1.6,South
Berkeley House Apartments,https://aggiesearch.tamu.edu/housing/property/berkeley-house/pjgd7st,4,4,2436,1365,0,1,1.7,South
Berkeley House Apartments,https://aggiesearch.tamu.edu/housing/property/berkeley-house/pjgd7st,4,4,2436,1545,0,1,1.7,South
Berkeley House Apartments,https://aggiesearch.tamu.edu/housing/property/berkeley-house/pjgd7st,4,4,2556,1460,0,1,1.7,South
Berkeley House Apartments,https://aggiesearch.tamu.edu/housing/property/berkeley-house/pjgd7st,4,4,2700,1565,0,1,1.7,South
Berkeley House Apartments,https://aggiesearch.tamu.edu/housing/property/berkeley-house/pjgd7st,3,3,2067,1250,0,1,1.7,South
Berkeley House Apartments,https://aggiesearch.tamu.edu/housing/property/berkeley-house/pjgd7st,4,4,2420,1340,0,1,1.7,South
Berkeley House Apartments,https://aggiesearch.tamu.edu/housing/property/berkeley-house/pjgd7st,4,4,2436,1415,0,1,1.7,South
21 Gramercy Park Apartments,https://aggiesearch.tamu.edu/housing/property/21-gramercy-park/4fyh7sj,1,1,879,618,0,1,3.7,East
22 Gramercy Park Apartments,https://aggiesearch.tamu.edu/housing/property/21-gramercy-park/4fyh7sj,1,1,913,669,0,1,3.7,East
23 Gramercy Park Apartments,https://aggiesearch.tamu.edu/housing/property/21-gramercy-park/4fyh7sj,1,1,930,768,0,1,3.7,East
24 Gramercy Park Apartments,https://aggiesearch.tamu.edu/housing/property/21-gramercy-park/4fyh7sj,1,1,981,800,0,1,3.7,East
25 Gramercy Park Apartments,https://aggiesearch.tamu.edu/housing/property/21-gramercy-park/4fyh7sj,1,1,1092,785,0,1,3.7,East
26 Gramercy Park Apartments,https://aggiesearch.tamu.edu/housing/property/21-gramercy-park/4fyh7sj,1,1,1187,980,0,1,3.7,East
27 Gramercy Park Apartments,https://aggiesearch.tamu.edu/housing/property/21-gramercy-park/4fyh7sj,2,1,1081,955,0,1,3.7,East
28 Gramercy Park Apartments,https://aggiesearch.tamu.edu/housing/property/21-gramercy-park/4fyh7sj,2,2,1185,1094,0,1,3.7,East
29 Gramercy Park Apartments,https://aggiesearch.tamu.edu/housing/property/21-gramercy-park/4fyh7sj,2,2,1293,1181,0,1,3.7,East
30 Gramercy Park Apartments,https://aggiesearch.tamu.edu/housing/property/21-gramercy-park/4fyh7sj,2,2,1354,1125,0,1,3.7,East
31 Gramercy Park Apartments,https://aggiesearch.tamu.edu/housing/property/21-gramercy-park/4fyh7sj,2,2,1375,1213,0,1,3.7,East
100 Park Apartments,https://aggiesearch.tamu.edu/housing/property/21-gramercy-park/4fyh7sj,3,2.5,1698,1518,0,1,3.7,East
"2 Bedroom Townhouse, modern, close to campus, 1 roommate (Shared Space)",https://aggiesearch.tamu.edu/housing/property/2-bedroom-townhouse-modern-close-to-campus-1-roommate/ocpld08fzg,2,2,1240,1485,0,0,0.3,South
Three bedroom at Wolf Run looking for 1 additional roommate Rental (Sublet),https://aggiesearch.tamu.edu/housing/property/three-bedroom-at-wolf-run-looking-for-1-additional-roommate/ocpzlygqmz,1,2,800,1356,0,0,0.6,South
Aspire apartments | 4x4 (Sublet / Shared Space),https://aggiesearch.tamu.edu/housing/property/aspire-apartments-4x4/ocp486mxrj,4,4,3516,1320,0,1,0.2,Central
Woodlands of College Station Apartments,https://aggiesearch.tamu.edu/housing/property/woodlands-of-college-station/e066yqn,2,2,1358,1033,0,1,2.5,South
Woodlands of College Station Apartments,https://aggiesearch.tamu.edu/housing/property/woodlands-of-college-station/e066yqn,2,2.5,1418,1120,0,1,2.5,South
Woodlands of College Station Apartments,https://aggiesearch.tamu.edu/housing/property/woodlands-of-college-station/e066yqn,3,3,1746,1362,0,1,2.5,South
Woodlands of College Station Apartments,https://aggiesearch.tamu.edu/housing/property/woodlands-of-college-station/e066yqn,4,4,2156,1621,0,1,2.5,South
Woodlands of College Station Apartments,https://aggiesearch.tamu.edu/housing/property/woodlands-of-college-station/e066yqn,2,2.5,1378,1128,0,1,2.5,South
Woodlands of College Station Apartments,https://aggiesearch.tamu.edu/housing/property/woodlands-of-college-station/e066yqn,2,2,1398,1120,0,1,2.5,South
Woodlands of College Station Apartments,https://aggiesearch.tamu.edu/housing/property/woodlands-of-college-station/e066yqn,3,3,1767,1369,0,1,2.5,South
"Southwest Parkway Condo, 1 mile from campus (Shared Space)",https://aggiesearch.tamu.edu/housing/property/southwest-parkway-condo-1-mile-from-campus/ocpljdszpg,3,3,1575,1296,0,0,2.6,South
The Junction Rental (Sublet),https://aggiesearch.tamu.edu/housing/property/the-junction/ocpxk2jjxp,1,1,590,628,0,1,1.5,South
4/2.25 Furnished Townhouse Across from Campus; Pool & HOA Amenities; No Utility SignUps; Flex Lease (Shared Space),https://aggiesearch.tamu.edu/housing/property/4-2-25-furnished-townhouse-across-from-campus-pool-and-hoa-amenities-no-utility-signups-flex-lease/ocpm3svxgj,4,2.5,2400,2170,0,0,0.6,South
Spacious newly renovated 920 s.f. 2 bedroom 1.5 bath on TAMU shuttle route for $820 Apartments (Shared Space),https://aggiesearch.tamu.edu/housing/property/spacious-newly-renovated-920-s-f-2-bedroom-1-5-bath-on-tamu-shuttle-route-for-820/ocpxjtvnxp,2,1.5,820,920,0,0,2.9,South
Domain at Northgate Apartments,https://aggiesearch.tamu.edu/housing/property/domain-at-northgate/tbv0cbb,3,3,2304,1144,0,1,0.2,Central
Domain at Northgate Apartments,https://aggiesearch.tamu.edu/housing/property/domain-at-northgate/tbv0cbb,2,2,1890,928,0,1,0.2,Central
Domain at Northgate Apartments,https://aggiesearch.tamu.edu/housing/property/domain-at-northgate/tbv0cbb,2,2,1998,972,0,1,0.2,Central
Domain at Northgate Apartments,https://aggiesearch.tamu.edu/housing/property/domain-at-northgate/tbv0cbb,2,2,2024,1170,0,1,0.2,Central
Domain at Northgate Apartments,https://aggiesearch.tamu.edu/housing/property/domain-at-northgate/tbv0cbb,3,3,2445,1272,0,1,0.2,Central
Domain at Northgate Apartments,https://aggiesearch.tamu.edu/housing/property/domain-at-northgate/tbv0cbb,4,4,2640,1378,0,1,0.2,Central
Domain at Northgate Apartments,https://aggiesearch.tamu.edu/housing/property/domain-at-northgate/tbv0cbb,4,4,2980,1722,0,1,0.2,Central
Domain at Northgate Apartments,https://aggiesearch.tamu.edu/housing/property/domain-at-northgate/tbv0cbb,4,4,3096,1876,0,1,0.2,Central
Domain at Northgate Apartments,https://aggiesearch.tamu.edu/housing/property/domain-at-northgate/tbv0cbb,4,4,3196,1706,0,1,0.2,Central
Domain at Northgate Apartments,https://aggiesearch.tamu.edu/housing/property/domain-at-northgate/tbv0cbb,1,1,1299,576,0,1,0.2,Central
Domain at Northgate Apartments,https://aggiesearch.tamu.edu/housing/property/domain-at-northgate/tbv0cbb,1,1,1375,667,0,1,0.2,Central
Barracks townhome,https://aggiesearch.tamu.edu/housing/property/barracks-townhome/ocpldwq77d,1,1,575,550,0,0,3.5,South
The Arbors at Wolf Pen Creek Apartments,https://aggiesearch.tamu.edu/housing/property/the-arbors-at-wolf-pen-creek-apartments/e3b4kxm,2,2,1199,862,0,1,0.9,South
The Arbors at Wolf Pen Creek Apartments,https://aggiesearch.tamu.edu/housing/property/the-arbors-at-wolf-pen-creek-apartments/e3b4kxm,2,2,1199,862,0,1,0.9,South
The Arbors at Wolf Pen Creek Apartments,https://aggiesearch.tamu.edu/housing/property/the-arbors-at-wolf-pen-creek-apartments/e3b4kxm,1,1,1014,632,0,1,0.9,South
The Arbors at Wolf Pen Creek Apartments,https://aggiesearch.tamu.edu/housing/property/the-arbors-at-wolf-pen-creek-apartments/e3b4kxm,2,2,1244,884,0,1,0.9,South
The Arbors at Wolf Pen Creek Apartments,https://aggiesearch.tamu.edu/housing/property/the-arbors-at-wolf-pen-creek-apartments/e3b4kxm,3,2,1444,1021,0,1,0.9,South
University Trails College Station Apartments,https://aggiesearch.tamu.edu/housing/property/university-trails-college-station/vgxhx0e,3,3,1587,1120,0,1,0.7,South
University Trails College Station Apartments,https://aggiesearch.tamu.edu/housing/property/university-trails-college-station/vgxhx0e,4,4,1956,1399,0,1,0.7,South
University Trails College Station Apartments,https://aggiesearch.tamu.edu/housing/property/university-trails-college-station/vgxhx0e,4,4,2036,1450,0,1,0.7,South
University Trails College Station Apartments,https://aggiesearch.tamu.edu/housing/property/university-trails-college-station/vgxhx0e,1,1,949,630,0,1,0.7,South
University Trails College Station Apartments,https://aggiesearch.tamu.edu/housing/property/university-trails-college-station/vgxhx0e,2,2,1178,885,0,1,0.7,South
University Trails College Station Apartments,https://aggiesearch.tamu.edu/housing/property/university-trails-college-station/vgxhx0e,3,3,1617,1211,0,1,0.7,South
"University Place Condos $475 includes all utilities, cable and wifi. 4bd, 4ba, 2 rooms available",https://aggiesearch.tamu.edu/housing/property/university-place-condos-475-includes-all-utilities-cable-and-wifi-4bd-4ba-2-rooms-available/ocpjd1yse5,4,4,1900,1100,0,0,2.4,South
"Townhouse near campus 3 BR 1 1/2 BA, 1152 sqf with backyard, carport , on TAMU bus route (Shared Space)",https://aggiesearch.tamu.edu/housing/property/townhouse-near-campus-3-br-1-1-2-ba-1152-sqf-with-backyard-carport-on-tamu-bus-route/ocp0f22jk2,3,1.5,985,1152,0,0,2.1,South
The Barracks Condo (Sublet / Shared Space),https://aggiesearch.tamu.edu/housing/property/the-barracks/ocp7bee7gy,1,1,615,628,0,0,3.4,South
Westfield Village House Rental (Shared Space),https://aggiesearch.tamu.edu/housing/property/westfield-village-house/ocpvttv0fg,1,2,425,1368,0,0,5.7,South
Country Place Apartments,https://aggiesearch.tamu.edu/housing/property/country-place/gbq9stx,1,1,590,468,0,1,0.6,Central
Country Place Apartments,https://aggiesearch.tamu.edu/housing/property/country-place/gbq9stx,1,1,640,531,0,1,0.6,Central
Country Place Apartments,https://aggiesearch.tamu.edu/housing/property/country-place/gbq9stx,1,1,685,612,0,1,0.6,Central
Country Place Apartments,https://aggiesearch.tamu.edu/housing/property/country-place/gbq9stx,1,1,698,652,0,1,0.6,Central
Country Place Apartments,https://aggiesearch.tamu.edu/housing/property/country-place/gbq9stx,2,1,803,749,0,1,0.6,Central
Country Place Apartments,https://aggiesearch.tamu.edu/housing/property/country-place/gbq9stx,2,1.5,840,810,0,1,0.6,Central
**$350.00 mo.** 1 room available in 4 Bedroom 4 Bath Condo (Shared Space),https://aggiesearch.tamu.edu/housing/property/350-00-mo-1-room-available-in-4-bedroom-4-bath-condo/ocp03jlxn1,1,1,350,628,0,0,2.4,South
Sweet Home Carter Creek Townhomes,https://aggiesearch.tamu.edu/housing/property/sweet-home-carter-creek-townhomes/ocpk5mf87b,1,1,550,733,0,0,1.1,East
The Hudson Apartments,https://aggiesearch.tamu.edu/housing/property/the-hudson/vqxt46e,3,3,2457,1254,0,1,0.6,Central
The Hudson Apartments,https://aggiesearch.tamu.edu/housing/property/the-hudson/vqxt46e,4,4,2796,1386,0,1,0.6,Central
The vintage in College Station. Estimated rent $400 Apartments (Shared Space),https://aggiesearch.tamu.edu/housing/property/the-vintage-in-college-station-estimated-rent-400/ocpfchct1v,2,2,659,948,0,0,2.1,South
"2 roommates needed for a 3 bed, 3.5 bath, 1492 sq. ft. 2-story townhome (Shared Space)",https://aggiesearch.tamu.edu/housing/property/2-roommates-needed-for-a-3-bed-3-5-bath-1492-sq-ft-2-story-townhome/ocpx7nnm2n,2,3.5,950,1492,0,1,2.2,East
Aspen Heights Apartments,https://aggiesearch.tamu.edu/housing/property/aspen-heights/t1e189b,2,2.5,1558,1486,0,0,2,South
Aspen Heights Apartments,https://aggiesearch.tamu.edu/housing/property/aspen-heights/t1e189b,3,3.5,2067,1851,0,0,2,South
Aspen Heights Apartments,https://aggiesearch.tamu.edu/housing/property/aspen-heights/t1e189b,4,4.5,2676,1951,0,0,2,South
Aspen Heights Apartments,https://aggiesearch.tamu.edu/housing/property/aspen-heights/t1e189b,5,5.5,3095,2324,0,0,2,South
Hudson Trails Apartments,https://aggiesearch.tamu.edu/housing/property/hudson-trails-apartments/2h7wkhb,2,2,1200,955,0,1,3.9,East
Hudson Trails Apartments,https://aggiesearch.tamu.edu/housing/property/hudson-trails-apartments/2h7wkhb,2,2,1215,955,0,1,3.9,East
Hudson Trails Apartments,https://aggiesearch.tamu.edu/housing/property/hudson-trails-apartments/2h7wkhb,1,1,1045,800,0,1,3.9,East
Hudson Trails Apartments,https://aggiesearch.tamu.edu/housing/property/hudson-trails-apartments/2h7wkhb,1,1,1045,800,0,1,3.9,East
Hudson Trails Apartments,https://aggiesearch.tamu.edu/housing/property/hudson-trails-apartments/2h7wkhb,1,1,970,692,0,1,3.9,East
Hudson Trails Apartments,https://aggiesearch.tamu.edu/housing/property/hudson-trails-apartments/2h7wkhb,1,1,1000,736,0,1,3.9,East
Hudson Trails Apartments,https://aggiesearch.tamu.edu/housing/property/hudson-trails-apartments/2h7wkhb,1,1,1065,806,0,1,3.9,East
Hudson Trails Apartments,https://aggiesearch.tamu.edu/housing/property/hudson-trails-apartments/2h7wkhb,3,3,1515,1431,0,1,3.9,East
2x 2.5 Condo (Shared Space),https://aggiesearch.tamu.edu/housing/property/2x-2-5-condo/ocpkbj0yx9,2,2.5,1300,1200,0,0,1.2,South
Holleman Oaks Apartments,https://aggiesearch.tamu.edu/housing/property/holleman-oaks/rvs3ts3,2,2,650,894,0,0,1,South
3bed 2 bath horse property close to A&M Rental (Sublet),https://aggiesearch.tamu.edu/housing/property/3bed-2-bath-horse-property-close-to-a-and-m/ocpv5gdsng,1,2,600,1448,0,0,5.7,South
The Gables Apartments,https://aggiesearch.tamu.edu/housing/property/the-gables-apartments/1br7z35,1,1,604,480,0,1,0.4,South
The Gables Apartments,https://aggiesearch.tamu.edu/housing/property/the-gables-apartments/1br7z36,1,1,674,600,0,1,0.4,South
The Gables Apartments,https://aggiesearch.tamu.edu/housing/property/the-gables-apartments/1br7z37,2,2,824,936,0,1,0.4,South
The Gables Apartments,https://aggiesearch.tamu.edu/housing/property/the-gables-apartments/1br7z38,1,1,699,600,0,1,0.4,South
The Gables Apartments,https://aggiesearch.tamu.edu/housing/property/the-gables-apartments/1br7z39,1,1,629,480,0,1,0.4,South
The Gables Apartments,https://aggiesearch.tamu.edu/housing/property/the-gables-apartments/1br7z40,2,2,799,936,0,1,0.4,South
The Gables Apartments,https://aggiesearch.tamu.edu/housing/property/the-gables-apartments/1br7z41,1,1,579,480,0,1,0.4,South
The Gables Apartments,https://aggiesearch.tamu.edu/housing/property/the-gables-apartments/1br7z42,1,1,589,480,0,1,0.4,South
The Gables Apartments,https://aggiesearch.tamu.edu/housing/property/the-gables-apartments/1br7z43,1,1,629,480,0,1,0.4,South
Park West Tower Apartments (Shared Space),https://aggiesearch.tamu.edu/housing/property/park-west-tower/ocplj29zbg,1,1,725,714,0,1,1.1,South
31 Thirty Apartments,https://aggiesearch.tamu.edu/housing/property/31-thirty/5xmtphn,2,2,804,963,0,0,1.1,East
32 Thirty Apartments,https://aggiesearch.tamu.edu/housing/property/31-thirty/5xmtphn,2,1.5,814,870,0,0,1.1,East
33 Thirty Apartments,https://aggiesearch.tamu.edu/housing/property/31-thirty/5xmtphn,2,2,799,990,0,0,1.1,East
34 Thirty Apartments,https://aggiesearch.tamu.edu/housing/property/31-thirty/5xmtphn,2,2,835,1040,0,0,1.1,East
35 Thirty Apartments,https://aggiesearch.tamu.edu/housing/property/31-thirty/5xmtphn,2,2,839,980,0,0,1.1,East
36 Thirty Apartments,https://aggiesearch.tamu.edu/housing/property/31-thirty/5xmtphn,2,2,865,1045,0,0,1.1,East
37 Thirty Apartments,https://aggiesearch.tamu.edu/housing/property/31-thirty/5xmtphn,2,2,865,1090,0,0,1.1,East
38 Thirty Apartments,https://aggiesearch.tamu.edu/housing/property/31-thirty/5xmtphn,2,2,870,1065,0,0,1.1,East
39 Thirty Apartments,https://aggiesearch.tamu.edu/housing/property/31-thirty/5xmtphn,2,2,895,900,0,0,1.1,East
40 Thirty Apartments,https://aggiesearch.tamu.edu/housing/property/31-thirty/5xmtphn,2,2,905,1100,0,0,1.1,East
41 Thirty Apartments,https://aggiesearch.tamu.edu/housing/property/31-thirty/5xmtphn,3,2,1050,1290,0,0,1.1,East
College Main Apartments,https://aggiesearch.tamu.edu/housing/property/college-main-apartments/vgwl2be,1,1,704,640,0,0,0.8,Central
College Main Apartments,https://aggiesearch.tamu.edu/housing/property/college-main-apartments/vgwl2be,2,1,754,830,0,0,0.8,Central
College Main Apartments,https://aggiesearch.tamu.edu/housing/property/college-main-apartments/vgwl2be,2,1.5,814,880,0,0,0.8,Central
College Main Apartments,https://aggiesearch.tamu.edu/housing/property/college-main-apartments/vgwl2be,2,1.5,824,997,0,0,0.8,Central
College Main Apartments,https://aggiesearch.tamu.edu/housing/property/college-main-apartments/vgwl2be,2,1.5,749,830,0,0,0.8,Central
Arbor Square Apartments,https://aggiesearch.tamu.edu/housing/property/arbor-square-apartments/d54501j,1,1,639,616,0,1,1.4,South
Arbor Square Apartments,https://aggiesearch.tamu.edu/housing/property/arbor-square-apartments/d54501j,2,2,739,880,0,1,1.4,South
Parkway Circle Apartments,https://aggiesearch.tamu.edu/housing/property/parkway-circle-apartments/41lmm7k,2,2,779,977,0,1,2.4,South
Parkway Circle Apartments,https://aggiesearch.tamu.edu/housing/property/parkway-circle-apartments/41lmm7k,2,2,794,977,0,1,2.4,South
Parkway Circle Apartments,https://aggiesearch.tamu.edu/housing/property/parkway-circle-apartments/41lmm7k,2,2,779,977,0,1,2.4,South
Parkway Circle Apartments,https://aggiesearch.tamu.edu/housing/property/parkway-circle-apartments/41lmm7k,2,2,809,977,0,1,2.4,South
Parkway Circle Apartments,https://aggiesearch.tamu.edu/housing/property/parkway-circle-apartments/41lmm7k,2,2,809,977,0,1,2.4,South
Parkway Circle Apartments,https://aggiesearch.tamu.edu/housing/property/parkway-circle-apartments/41lmm7k,2,2,809,977,0,1,2.4,South
Parkway Circle Apartments,https://aggiesearch.tamu.edu/housing/property/parkway-circle-apartments/41lmm7k,2,2,779,977,0,1,2.4,South
Parkway Circle Apartments,https://aggiesearch.tamu.edu/housing/property/parkway-circle-apartments/41lmm7k,2,2,809,977,0,1,2.4,South
Parkway Circle Apartments,https://aggiesearch.tamu.edu/housing/property/parkway-circle-apartments/41lmm7k,2,2,809,977,0,1,2.4,South
Parkway Circle Apartments,https://aggiesearch.tamu.edu/housing/property/parkway-circle-apartments/41lmm7k,2,2,779,977,0,1,2.4,South
town home near campus Townhome (Shared Space),https://aggiesearch.tamu.edu/housing/property/town-home-near-campus/ocp0h2l3l3,3,3.5,1950,1676,0,0,3,South
Parkway Place Apartments,https://aggiesearch.tamu.edu/housing/property/parkway-place/hzsf5n0,2,2,1398,1020,0,1,1.2,South
Parkway Place Apartments,https://aggiesearch.tamu.edu/housing/property/parkway-place/hzsf5n1,4,4,2196,1473,0,1,1.2,South
Parkway Place Apartments,https://aggiesearch.tamu.edu/housing/property/parkway-place/hzsf5n2,4,4,2196,1473,0,1,1.2,South
Parkway Place Apartments,https://aggiesearch.tamu.edu/housing/property/parkway-place/hzsf5n3,4,4,2588,1865,0,1,1.2,South
Parkway Place Apartments,https://aggiesearch.tamu.edu/housing/property/parkway-place/hzsf5n4,4,4,2196,1473,0,1,1.2,South
Parkway Place Apartments,https://aggiesearch.tamu.edu/housing/property/parkway-place/hzsf5n5,4,4,2596,1865,0,1,1.2,South
Parkway Place Apartments,https://aggiesearch.tamu.edu/housing/property/parkway-place/hzsf5n6,4,4,2596,1865,0,1,1.2,South
Parkway Place Apartments,https://aggiesearch.tamu.edu/housing/property/parkway-place/hzsf5n7,1,1,979,604,0,1,1.2,South
Parkway Place Apartments,https://aggiesearch.tamu.edu/housing/property/parkway-place/hzsf5n8,2,2,1198,766,0,1,1.2,South
Parkway Place Apartments,https://aggiesearch.tamu.edu/housing/property/parkway-place/hzsf5n9,4,4,2280,1538,0,1,1.2,South
Redstone Apartments,https://aggiesearch.tamu.edu/housing/property/redstone-apartments/t1g1t88,2,1,684,803,0,1,1.2,South
The Ridge Apartments,https://aggiesearch.tamu.edu/housing/property/the-ridge/w8bpt5j,1,1,1267,536,0,1,1.5,South
The Ridge Apartments,https://aggiesearch.tamu.edu/housing/property/the-ridge/w8bpt5j,1,1,1302,624,0,1,1.5,South
The Ridge Apartments,https://aggiesearch.tamu.edu/housing/property/the-ridge/w8bpt5j,1,1,1342,784,0,1,1.5,South
The Ridge Apartments,https://aggiesearch.tamu.edu/housing/property/the-ridge/w8bpt5j,2,1,1480,865,0,1,1.5,South
The Ridge Apartments,https://aggiesearch.tamu.edu/housing/property/the-ridge/w8bpt5j,2,2,1555,924,0,1,1.5,South
The Ridge Apartments,https://aggiesearch.tamu.edu/housing/property/the-ridge/w8bpt5j,2,2,1650,1063,0,1,1.5,South
The Ridge Apartments,https://aggiesearch.tamu.edu/housing/property/the-ridge/w8bpt5j,3,2,1938,1207,0,1,1.5,South
Z Islander- College Station Apartments,https://aggiesearch.tamu.edu/housing/property/z-islander-college-station/s0pwgc7,1,1,865,615,0,1,0.7,Central
Z Islander- College Station Apartments,https://aggiesearch.tamu.edu/housing/property/z-islander-college-station/s0pwgc7,1,1,925,820,0,1,0.7,Central
Z Islander- College Station Apartments,https://aggiesearch.tamu.edu/housing/property/z-islander-college-station/s0pwgc7,2,2,1120,1135,0,1,0.7,Central
Z Islander- College Station Apartments,https://aggiesearch.tamu.edu/housing/property/z-islander-college-station/s0pwgc7,2,2.5,1160,1205,0,1,0.7,Central
Z Islander- College Station Apartments,https://aggiesearch.tamu.edu/housing/property/z-islander-college-station/s0pwgc7,3,3,1605,1550,0,1,0.7,Central
Z Islander- College Station Apartments,https://aggiesearch.tamu.edu/housing/property/z-islander-college-station/s0pwgc7,4,4,2060,1900,0,1,0.7,Central
The Retreat at College Station Apartments,https://aggiesearch.tamu.edu/housing/property/the-retreat-at-college-station/vlelxvg,3,3,1854,1396,0,1,1.5,South
The Retreat at College Station Apartments,https://aggiesearch.tamu.edu/housing/property/the-retreat-at-college-station/vlelxvg,3,3,1875,1400,0,1,1.5,South
The Retreat at College Station Apartments,https://aggiesearch.tamu.edu/housing/property/the-retreat-at-college-station/vlelxvg,3,3,2229,1395,0,1,1.5,South
The Retreat at College Station Apartments,https://aggiesearch.tamu.edu/housing/property/the-retreat-at-college-station/vlelxvg,3,3.5,2025,1500,0,1,1.5,South
The Retreat at College Station Apartments,https://aggiesearch.tamu.edu/housing/property/the-retreat-at-college-station/vlelxvg,4,4,2352,1772,0,1,1.5,South
The Retreat at College Station Apartments,https://aggiesearch.tamu.edu/housing/property/the-retreat-at-college-station/vlelxvg,4,4.5,2412,2333,0,1,1.5,South
The Retreat at College Station Apartments,https://aggiesearch.tamu.edu/housing/property/the-retreat-at-college-station/vlelxvg,4,4.5,2412,2333,0,1,1.5,South
The Retreat at College Station Apartments,https://aggiesearch.tamu.edu/housing/property/the-retreat-at-college-station/vlelxvg,4,4,2472,1915,0,1,1.5,South
The Retreat at College Station Apartments,https://aggiesearch.tamu.edu/housing/property/the-retreat-at-college-station/vlelxvg,4,4.5,2440,2333,0,1,1.5,South
The Retreat at College Station Apartments,https://aggiesearch.tamu.edu/housing/property/the-retreat-at-college-station/vlelxvg,4,4.5,2460,2000,0,1,1.5,South
The Retreat at College Station Apartments,https://aggiesearch.tamu.edu/housing/property/the-retreat-at-college-station/vlelxvg,4,4,2548,1873,0,1,1.5,South
The Retreat at College Station Apartments,https://aggiesearch.tamu.edu/housing/property/the-retreat-at-college-station/vlelxvg,5,5.5,2840,1873,0,1,1.5,South
The Retreat at College Station Apartments,https://aggiesearch.tamu.edu/housing/property/the-retreat-at-college-station/vlelxvg,5,5,2800,2166,0,1,1.5,South
The Retreat at College Station Apartments,https://aggiesearch.tamu.edu/housing/property/the-retreat-at-college-station/vlelxvg,5,5,2925,2089,0,1,1.5,South
The Retreat at College Station Apartments,https://aggiesearch.tamu.edu/housing/property/the-retreat-at-college-station/vlelxvg,5,5.5,3250,2363,0,1,1.5,South
The Retreat at College Station Apartments,https://aggiesearch.tamu.edu/housing/property/the-retreat-at-college-station/vlelxvg,6,6,3378,2476,0,1,1.5,South
The Retreat at College Station Apartments,https://aggiesearch.tamu.edu/housing/property/the-retreat-at-college-station/vlelxvg,2,2.5,1650,1400,0,1,1.5,South
The Retreat at College Station Apartments,https://aggiesearch.tamu.edu/housing/property/the-retreat-at-college-station/vlelxvg,4,4,2300,2000,0,1,1.5,South
The Retreat at College Station Apartments,https://aggiesearch.tamu.edu/housing/property/the-retreat-at-college-station/vlelxvg,5,5,3025,2280,0,1,1.5,South
Casa Del Sol Apartments,https://aggiesearch.tamu.edu/housing/property/casa-del-sol-apartments/fjkkder,1,1,719,620,0,0,0.5,Central
Casa Del Sol Apartments,https://aggiesearch.tamu.edu/housing/property/casa-del-sol-apartments/fjkkder,2,1,825,820,0,0,0.5,Central
Lincoln Avenue House Rental (Shared Space),https://aggiesearch.tamu.edu/housing/property/lincoln-avenue-house/ocpb0pj4zb,1,2,600,1300,0,1,1.2,East
The Standard at College Station Apartments,https://aggiesearch.tamu.edu/housing/property/the-standard-at-college-station/sdxge25,1,1,1025,471,0,1,0.3,Central
The Standard at College Station Apartments,https://aggiesearch.tamu.edu/housing/property/the-standard-at-college-station/sdxge25,1,1,1030,499,0,1,0.3,Central
The Standard at College Station Apartments,https://aggiesearch.tamu.edu/housing/property/the-standard-at-college-station/sdxge25,1,1,1290,560,0,1,0.3,Central
The Standard at College Station Apartments,https://aggiesearch.tamu.edu/housing/property/the-standard-at-college-station/sdxge25,1,1,1290,622,0,1,0.3,Central
The Standard at College Station Apartments,https://aggiesearch.tamu.edu/housing/property/the-standard-at-college-station/sdxge25,2,2,1700,781,0,1,0.3,Central
The Standard at College Station Apartments,https://aggiesearch.tamu.edu/housing/property/the-standard-at-college-station/sdxge25,2,2,1730,850,0,1,0.3,Central
The Standard at College Station Apartments,https://aggiesearch.tamu.edu/housing/property/the-standard-at-college-station/sdxge25,2,2,1740,1090,0,1,0.3,Central
The Standard at College Station Apartments,https://aggiesearch.tamu.edu/housing/property/the-standard-at-college-station/sdxge25,3,3,2310,1084,0,1,0.3,Central
The Standard at College Station Apartments,https://aggiesearch.tamu.edu/housing/property/the-standard-at-college-station/sdxge25,4,4,2740,1769,0,1,0.3,Central
The Standard at College Station Apartments,https://aggiesearch.tamu.edu/housing/property/the-standard-at-college-station/sdxge25,4,4,2780,1340,0,1,0.3,Central
The Standard at College Station Apartments,https://aggiesearch.tamu.edu/housing/property/the-standard-at-college-station/sdxge25,4,4,2780,1575,0,1,0.3,Central
The Standard at College Station Apartments,https://aggiesearch.tamu.edu/housing/property/the-standard-at-college-station/sdxge25,4,4,2800,1464,0,1,0.3,Central
The Standard at College Station Apartments,https://aggiesearch.tamu.edu/housing/property/the-standard-at-college-station/sdxge25,4,4,2820,1386,0,1,0.3,Central
The Standard at College Station Apartments,https://aggiesearch.tamu.edu/housing/property/the-standard-at-college-station/sdxge25,4,4,2920,1603,0,1,0.3,Central
The Standard at College Station Apartments,https://aggiesearch.tamu.edu/housing/property/the-standard-at-college-station/sdxge25,4,4,3000,1543,0,1,0.3,Central
The Standard at College Station Apartments,https://aggiesearch.tamu.edu/housing/property/the-standard-at-college-station/sdxge25,5,3,3050,1564,0,1,0.3,Central
The Standard at College Station Apartments,https://aggiesearch.tamu.edu/housing/property/the-standard-at-college-station/sdxge25,5,5,3275,1645,0,1,0.3,Central
The Standard at College Station Apartments,https://aggiesearch.tamu.edu/housing/property/the-standard-at-college-station/sdxge25,5,5,3400,1630,0,1,0.3,Central
The Standard at College Station Apartments,https://aggiesearch.tamu.edu/housing/property/the-standard-at-college-station/sdxge25,5,5,3500,1921,0,1,0.3,Central
The Standard at College Station Apartments,https://aggiesearch.tamu.edu/housing/property/the-standard-at-college-station/sdxge25,5,5,3525,1918,0,1,0.3,Central
The Standard at College Station Apartments,https://aggiesearch.tamu.edu/housing/property/the-standard-at-college-station/sdxge25,6,6,3750,2032,0,1,0.3,Central
Privately Owned Woodlands Condo - 2 Rooms Available (Shared Space),https://aggiesearch.tamu.edu/housing/property/privately-owned-woodlands-condo-2-rooms-available/ocpvwvqbdd,3,3,1740,1239,0,1,2.5,South
Campus Crossings on Marion Pugh Apartments,https://aggiesearch.tamu.edu/housing/property/campus-crossings-on-marion-pugh/vj5wh9e,1,1,750,490,0,1,1.7,South
Campus Crossings on Marion Pugh Apartments,https://aggiesearch.tamu.edu/housing/property/campus-crossings-on-marion-pugh/vj5wh9e,1,1,865,694,0,1,1.7,South
Campus Crossings on Marion Pugh Apartments,https://aggiesearch.tamu.edu/housing/property/campus-crossings-on-marion-pugh/vj5wh9e,2,2,1150,930,0,1,1.7,South
Pronghorn loop property for lease Rental (Shared Space),https://aggiesearch.tamu.edu/housing/property/pronghorn-loop-property-for-lease/ocpfdwzj9r,1,2.5,2000,1576,0,0,3.2,South
Knightsgate Apartments,https://aggiesearch.tamu.edu/housing/property/knightsgate-apartments/kwh5cgb,1,1,990,800,0,1,0.7,South
Knightsgate Apartments,https://aggiesearch.tamu.edu/housing/property/knightsgate-apartments/kwh5cgb,2,2,1150,1000,0,1,0.7,South
Knightsgate Apartments,https://aggiesearch.tamu.edu/housing/property/knightsgate-apartments/kwh5cgb,3,3,1350,1225,0,1,0.7,South
Camber Villas Apartments (Shared Space),https://aggiesearch.tamu.edu/housing/property/camber-villas/ocpwh4j5jl,1,2,695,936,0,0,2.9,North
Tower Park Apartments,https://aggiesearch.tamu.edu/housing/property/tower-park-apartments/wlxnyvh,1,1,795,657,0,1,0.8,South
Tower Park Apartments,https://aggiesearch.tamu.edu/housing/property/tower-park-apartments/wlxnyvh,2,2,1004,997,0,1,0.8,South
Tower Park Apartments,https://aggiesearch.tamu.edu/housing/property/tower-park-apartments/wlxnyvh,2,1.5,904,797,0,1,0.8,South
Tower Park Apartments,https://aggiesearch.tamu.edu/housing/property/tower-park-apartments/wlxnyvh,1,1,770,576,0,1,0.8,South
Tower Park Apartments,https://aggiesearch.tamu.edu/housing/property/tower-park-apartments/wlxnyvh,3,2,1205,1200,0,1,0.8,South
Tower Park Apartments,https://aggiesearch.tamu.edu/housing/property/tower-park-apartments/wlxnyvh,4,2,1860,2000,0,1,0.8,South
River Ridge Townhomes on Spring Loop,https://aggiesearch.tamu.edu/housing/property/river-ridge-townhomes-on-spring-loop/ocpdtmsxsl,1,2.5,600,1200,0,1,1.9,East
Cedar Creek Apartments,https://aggiesearch.tamu.edu/housing/property/cedar-creek-apartments/lwtwv2e,2,1.5,854,962,0,1,1.8,East
Cedar Creek Apartments,https://aggiesearch.tamu.edu/housing/property/cedar-creek-apartments/lwtwv2e,2,1.5,924,1027,0,1,1.8,East
Cedar Creek Apartments,https://aggiesearch.tamu.edu/housing/property/cedar-creek-apartments/lwtwv2e,2,1.5,1084,1083,0,1,1.8,East
Cedar Creek Apartments,https://aggiesearch.tamu.edu/housing/property/cedar-creek-apartments/lwtwv2e,2,2,1230,1083,0,1,1.8,East
Cedar Creek Apartments,https://aggiesearch.tamu.edu/housing/property/cedar-creek-apartments/lwtwv2e,2,2,1265,1083,0,1,1.8,East
Cedar Creek Apartments,https://aggiesearch.tamu.edu/housing/property/cedar-creek-apartments/lwtwv2e,2,1.5,984,1027,0,1,1.8,East
Cedar Creek Apartments,https://aggiesearch.tamu.edu/housing/property/cedar-creek-apartments/lwtwv2e,2,2,1315,1083,0,1,1.8,East
Furnished 3/2 Townhome Across from Campus Golf Course,https://aggiesearch.tamu.edu/housing/property/furnished-3-2-townhome-across-from-campus-golf-course/ocpv18hjve,3,2,1850,1350,0,0,0.6,South
2818 Apartments,https://aggiesearch.tamu.edu/housing/property/2818-apartments/1pd96b6,1,1,949,588,0,1,1,South
2818 Apartments,https://aggiesearch.tamu.edu/housing/property/2818-apartments/1pd96b6,1,1,949,588,0,1,1,South
2818 Apartments,https://aggiesearch.tamu.edu/housing/property/2818-apartments/1pd96b6,1,1,949,588,0,1,1,South
2818 Apartments,https://aggiesearch.tamu.edu/housing/property/2818-apartments/1pd96b6,1,1,949,588,0,1,1,South
2818 Apartments,https://aggiesearch.tamu.edu/housing/property/2818-apartments/1pd96b6,1,1,949,588,0,1,1,South
2818 Apartments,https://aggiesearch.tamu.edu/housing/property/2818-apartments/1pd96b6,1,1,949,588,0,1,1,South
2818 Apartments,https://aggiesearch.tamu.edu/housing/property/2818-apartments/1pd96b6,1,1,949,588,0,1,1,South
2818 Apartments,https://aggiesearch.tamu.edu/housing/property/2818-apartments/1pd96b6,1,1,949,588,0,1,1,South
2818 Apartments,https://aggiesearch.tamu.edu/housing/property/2818-apartments/1pd96b6,1,1,949,588,0,1,1,South
2818 Apartments,https://aggiesearch.tamu.edu/housing/property/2818-apartments/1pd96b6,1,1,949,588,0,1,1,South
2818 Apartments,https://aggiesearch.tamu.edu/housing/property/2818-apartments/1pd96b6,1,1,949,588,0,1,1,South
2818 Apartments,https://aggiesearch.tamu.edu/housing/property/2818-apartments/1pd96b6,1,1,949,588,0,1,1,South
2818 Apartments,https://aggiesearch.tamu.edu/housing/property/2818-apartments/1pd96b6,1,1,949,588,0,1,1,South
2818 Apartments,https://aggiesearch.tamu.edu/housing/property/2818-apartments/1pd96b6,1,1,959,646,0,1,1,South
2818 Apartments,https://aggiesearch.tamu.edu/housing/property/2818-apartments/1pd96b6,1,1,959,646,0,1,1,South
2818 Apartments,https://aggiesearch.tamu.edu/housing/property/2818-apartments/1pd96b6,1,1,959,646,0,1,1,South
2818 Apartments,https://aggiesearch.tamu.edu/housing/property/2818-apartments/1pd96b6,1,1,959,646,0,1,1,South
2818 Apartments,https://aggiesearch.tamu.edu/housing/property/2818-apartments/1pd96b6,1,1,959,646,0,1,1,South
2818 Apartments,https://aggiesearch.tamu.edu/housing/property/2818-apartments/1pd96b6,1,1,959,646,0,1,1,South
2818 Apartments,https://aggiesearch.tamu.edu/housing/property/2818-apartments/1pd96b6,1,1,959,646,0,1,1,South
2818 Apartments,https://aggiesearch.tamu.edu/housing/property/2818-apartments/1pd96b6,1,1,959,646,0,1,1,South
2818 Apartments,https://aggiesearch.tamu.edu/housing/property/2818-apartments/1pd96b6,1,1,959,646,0,1,1,South
2818 Apartments,https://aggiesearch.tamu.edu/housing/property/2818-apartments/1pd96b6,1,1,959,646,0,1,1,South
2818 Apartments,https://aggiesearch.tamu.edu/housing/property/2818-apartments/1pd96b6,1,1,959,646,0,1,1,South
2818 Apartments,https://aggiesearch.tamu.edu/housing/property/2818-apartments/1pd96b6,2,2,1138,766,0,1,1,South
2818 Apartments,https://aggiesearch.tamu.edu/housing/property/2818-apartments/1pd96b6,2,2,1138,766,0,1,1,South
2818 Apartments,https://aggiesearch.tamu.edu/housing/property/2818-apartments/1pd96b6,2,2,1138,766,0,1,1,South
2818 Apartments,https://aggiesearch.tamu.edu/housing/property/2818-apartments/1pd96b6,2,2,1138,766,0,1,1,South
2818 Apartments,https://aggiesearch.tamu.edu/housing/property/2818-apartments/1pd96b6,2,2,1138,766,0,1,1,South
2818 Apartments,https://aggiesearch.tamu.edu/housing/property/2818-apartments/1pd96b6,2,2,1138,766,0,1,1,South
2818 Apartments,https://aggiesearch.tamu.edu/housing/property/2818-apartments/1pd96b6,2,2,1278,877,0,1,1,South
2818 Apartments,https://aggiesearch.tamu.edu/housing/property/2818-apartments/1pd96b6,2,2,1278,877,0,1,1,South
2818 Apartments,https://aggiesearch.tamu.edu/housing/property/2818-apartments/1pd96b6,2,2,1278,877,0,1,1,South
2818 Apartments,https://aggiesearch.tamu.edu/housing/property/2818-apartments/1pd96b6,2,2,1278,877,0,1,1,South
2818 Apartments,https://aggiesearch.tamu.edu/housing/property/2818-apartments/1pd96b6,2,2,1278,877,0,1,1,South
2818 Apartments,https://aggiesearch.tamu.edu/housing/property/2818-apartments/1pd96b6,2,2,1278,877,0,1,1,South
2818 Apartments,https://aggiesearch.tamu.edu/housing/property/2818-apartments/1pd96b6,2,2,1278,877,0,1,1,South
2818 Apartments,https://aggiesearch.tamu.edu/housing/property/2818-apartments/1pd96b6,2,2,1278,877,0,1,1,South
2818 Apartments,https://aggiesearch.tamu.edu/housing/property/2818-apartments/1pd96b6,2,2,1278,877,0,1,1,South
2818 Apartments,https://aggiesearch.tamu.edu/housing/property/2818-apartments/1pd96b6,2,2,1278,877,0,1,1,South
2818 Apartments,https://aggiesearch.tamu.edu/housing/property/2818-apartments/1pd96b6,4,4,1916,1282,0,1,1,South
2818 Apartments,https://aggiesearch.tamu.edu/housing/property/2818-apartments/1pd96b6,4,4,1916,1282,0,1,1,South
2818 Apartments,https://aggiesearch.tamu.edu/housing/property/2818-apartments/1pd96b6,4,4,1916,1282,0,1,1,South
2818 Apartments,https://aggiesearch.tamu.edu/housing/property/2818-apartments/1pd96b6,4,4,1916,1282,0,1,1,South
2818 Apartments,https://aggiesearch.tamu.edu/housing/property/2818-apartments/1pd96b6,4,4,1916,1282,0,1,1,South
2818 Apartments,https://aggiesearch.tamu.edu/housing/property/2818-apartments/1pd96b6,4,4,2196,1468,0,1,1,South
2818 Apartments,https://aggiesearch.tamu.edu/housing/property/2818-apartments/1pd96b6,4,4,2196,1468,0,1,1,South
2818 Apartments,https://aggiesearch.tamu.edu/housing/property/2818-apartments/1pd96b6,4,4,2196,1468,0,1,1,South
2818 Apartments,https://aggiesearch.tamu.edu/housing/property/2818-apartments/1pd96b6,4,4,2196,1468,0,1,1,South
2818 Apartments,https://aggiesearch.tamu.edu/housing/property/2818-apartments/1pd96b6,4,4,2196,1468,0,1,1,South
2818 Apartments,https://aggiesearch.tamu.edu/housing/property/2818-apartments/1pd96b6,4,4,2300,1538,0,1,1,South
2818 Apartments,https://aggiesearch.tamu.edu/housing/property/2818-apartments/1pd96b6,4,4,2300,1538,0,1,1,South
2818 Apartments,https://aggiesearch.tamu.edu/housing/property/2818-apartments/1pd96b6,4,4,2300,1538,0,1,1,South
2818 Apartments,https://aggiesearch.tamu.edu/housing/property/2818-apartments/1pd96b6,4,4,2556,1865,0,1,1,South
2818 Apartments,https://aggiesearch.tamu.edu/housing/property/2818-apartments/1pd96b6,4,4,2556,1865,0,1,1,South
2818 Apartments,https://aggiesearch.tamu.edu/housing/property/2818-apartments/1pd96b6,4,4,2556,1865,0,1,1,South
2818 Apartments,https://aggiesearch.tamu.edu/housing/property/2818-apartments/1pd96b6,4,4,2556,1865,0,1,1,South
University Terrace Apartments (Shared Space),https://aggiesearch.tamu.edu/housing/property/university-terrace-apartments/ocp9p5hqs6,1,1.5,410,1350,0,0,0.2,South
Scandia Apartments,https://aggiesearch.tamu.edu/housing/property/scandia-apartments/zdjzc5x,1,1,699,576,0,1,0.7,South
Scandia Apartments,https://aggiesearch.tamu.edu/housing/property/scandia-apartments/zdjzc5x,1,1,699,657,0,1,0.7,South
Scandia Apartments,https://aggiesearch.tamu.edu/housing/property/scandia-apartments/zdjzc5x,2,1.5,809,797,0,1,0.7,South
Scandia Apartments,https://aggiesearch.tamu.edu/housing/property/scandia-apartments/zdjzc5x,2,2,829,996,0,1,0.7,South
"Park West AptsTake over lease that expires in July 2021, 6th Floor fully furnished, private  (Sublet / Shared Space)",https://aggiesearch.tamu.edu/housing/property/park-west-aptstake-over-lease-that-expires-in-july-2021-6th-floor-fully-furnished-private-/ocp8b49jt2,1,1,645,628,0,1,1.1,South
The Vintage Apartments,https://aggiesearch.tamu.edu/housing/property/the-vintage/6e6wrqt,1,1,649,569,0,0,2.1,South
The Vintage Apartments,https://aggiesearch.tamu.edu/housing/property/the-vintage/6e6wrqt,2,2,699,835,0,0,2.1,South
The Vintage Apartments,https://aggiesearch.tamu.edu/housing/property/the-vintage/6e6wrqt,2,2,749,880,0,0,2.1,South
The Vintage Apartments,https://aggiesearch.tamu.edu/housing/property/the-vintage/6e6wrqt,2,1.5,799,1000,0,0,2.1,South
Cedar Ridge at College Station Apartments,https://aggiesearch.tamu.edu/housing/property/cedar-ridge-at-college-station/cmf4shf,2,2,828,975,0,1,1.4,South
Cedar Ridge at College Station Apartments,https://aggiesearch.tamu.edu/housing/property/cedar-ridge-at-college-station/cmf4shf,3,2,965,1100,0,1,1.4,South
Cedar Ridge at College Station Apartments,https://aggiesearch.tamu.edu/housing/property/cedar-ridge-at-college-station/cmf4shf,3,2,929,1100,0,1,1.4,South
Cedar Ridge at College Station Apartments,https://aggiesearch.tamu.edu/housing/property/cedar-ridge-at-college-station/cmf4shf,3,2,929,1100,0,1,1.4,South
Cedar Ridge at College Station Apartments,https://aggiesearch.tamu.edu/housing/property/cedar-ridge-at-college-station/cmf4shf,3,2,929,1100,0,1,1.4,South
Cedar Ridge at College Station Apartments,https://aggiesearch.tamu.edu/housing/property/cedar-ridge-at-college-station/cmf4shf,3,2,929,1100,0,1,1.4,South
Cedar Ridge at College Station Apartments,https://aggiesearch.tamu.edu/housing/property/cedar-ridge-at-college-station/cmf4shf,3,2,929,1100,0,1,1.4,South
Cedar Ridge at College Station Apartments,https://aggiesearch.tamu.edu/housing/property/cedar-ridge-at-college-station/cmf4shf,3,2,929,1100,0,1,1.4,South
Cedar Ridge at College Station Apartments,https://aggiesearch.tamu.edu/housing/property/cedar-ridge-at-college-station/cmf4shf,2,1.5,1020,1156,0,1,1.4,South
Cedar Ridge at College Station Apartments,https://aggiesearch.tamu.edu/housing/property/cedar-ridge-at-college-station/cmf4shf,2,1.5,999,1156,0,1,1.4,South
Cedar Ridge at College Station Apartments,https://aggiesearch.tamu.edu/housing/property/cedar-ridge-at-college-station/cmf4shf,2,2,795,975,0,1,1.4,South
Cedar Ridge at College Station Apartments,https://aggiesearch.tamu.edu/housing/property/cedar-ridge-at-college-station/cmf4shf,2,2,795,975,0,1,1.4,South
Cedar Ridge at College Station Apartments,https://aggiesearch.tamu.edu/housing/property/cedar-ridge-at-college-station/cmf4shf,2,2,795,975,0,1,1.4,South
Cedar Ridge at College Station Apartments,https://aggiesearch.tamu.edu/housing/property/cedar-ridge-at-college-station/cmf4shf,3,2,929,1100,0,1,1.4,South
Cedar Ridge at College Station Apartments,https://aggiesearch.tamu.edu/housing/property/cedar-ridge-at-college-station/cmf4shf,2,1.5,999,1156,0,1,1.4,South
Cedar Ridge at College Station Apartments,https://aggiesearch.tamu.edu/housing/property/cedar-ridge-at-college-station/cmf4shf,1,1,720,650,0,1,1.4,South
Cedar Ridge at College Station Apartments,https://aggiesearch.tamu.edu/housing/property/cedar-ridge-at-college-station/cmf4shf,1,1,730,680,0,1,1.4,South
Cedar Ridge at College Station Apartments,https://aggiesearch.tamu.edu/housing/property/cedar-ridge-at-college-station/cmf4shf,2,1.5,802,952,0,1,1.4,South
Cedar Ridge at College Station Apartments,https://aggiesearch.tamu.edu/housing/property/cedar-ridge-at-college-station/cmf4shf,2,1.5,813,950,0,1,1.4,South
Cedar Ridge at College Station Apartments,https://aggiesearch.tamu.edu/housing/property/cedar-ridge-at-college-station/cmf4shf,2,1.5,828,950,0,1,1.4,South
Cedar Ridge at College Station Apartments,https://aggiesearch.tamu.edu/housing/property/cedar-ridge-at-college-station/cmf4shf,2,1.5,940,1105,0,1,1.4,South
Cedar Ridge at College Station Apartments,https://aggiesearch.tamu.edu/housing/property/cedar-ridge-at-college-station/cmf4shf,3,2,1100,1100,0,1,1.4,South
Cedar Ridge at College Station Apartments,https://aggiesearch.tamu.edu/housing/property/cedar-ridge-at-college-station/cmf4shf,3,2,1300,1100,0,1,1.4,South
Gateway Villa Condominiums (Sublet / Shared Space),https://aggiesearch.tamu.edu/housing/property/gateway-villa-condominiums/ocpne3p9bq,1,1.5,467,1177,0,0,2.4,East
Walden Pond Apartments,https://aggiesearch.tamu.edu/housing/property/walden-pond-apartments/lrm0nlf,1,1,819,791,0,1,1.2,South
Walden Pond Apartments,https://aggiesearch.tamu.edu/housing/property/walden-pond-apartments/lrm0nlf,2,2,909,916,0,1,1.2,South
Fox Meadows Apartments (Shared Space),https://aggiesearch.tamu.edu/housing/property/fox-meadows/ocpqc6ve1y,1,1,342,1200,0,0,2.9,South
Huntington Apartments,https://aggiesearch.tamu.edu/housing/property/huntington-apartments/kgj9e5b,1,1,644,626,0,1,1.2,South
Huntington Apartments,https://aggiesearch.tamu.edu/housing/property/huntington-apartments/kgj9e5b,2,1,709,828,0,1,1.2,South
Huntington Apartments,https://aggiesearch.tamu.edu/housing/property/huntington-apartments/kgj9e5b,2,2,814,921,0,1,1.2,South
Huntington Apartments,https://aggiesearch.tamu.edu/housing/property/huntington-apartments/kgj9e5b,3,2,1029,1160,0,1,1.2,South
Duplex close to campus Rental (Sublet),https://aggiesearch.tamu.edu/housing/property/duplex-close-to-campus/ocp89jtp00,1,1,450,628,0,0,2.8,South
Laurel Ridge Apartments,https://aggiesearch.tamu.edu/housing/property/laurel-ridge/ke4zhf9,2,2,1598,854,0,1,1.5,East
Laurel Ridge Apartments,https://aggiesearch.tamu.edu/housing/property/laurel-ridge/ke4zhf10,2,2,799,854,0,1,1.5,East
Laurel Ridge Apartments,https://aggiesearch.tamu.edu/housing/property/laurel-ridge/ke4zhf11,2,1.5,820,827,0,1,1.5,East
Laurel Ridge Apartments,https://aggiesearch.tamu.edu/housing/property/laurel-ridge/ke4zhf12,2,1.5,820,827,0,1,1.5,East
Laurel Ridge Apartments,https://aggiesearch.tamu.edu/housing/property/laurel-ridge/ke4zhf13,1,1,815,868,0,1,1.5,East
Laurel Ridge Apartments,https://aggiesearch.tamu.edu/housing/property/laurel-ridge/ke4zhf14,2,1.5,780,801,0,1,1.5,East
Laurel Ridge Apartments,https://aggiesearch.tamu.edu/housing/property/laurel-ridge/ke4zhf15,2,1.5,830,1000,0,1,1.5,East
Laurel Ridge Apartments,https://aggiesearch.tamu.edu/housing/property/laurel-ridge/ke4zhf16,2,1.5,850,1042,0,1,1.5,East
West University Gardens Apartments,https://aggiesearch.tamu.edu/housing/property/west-university-gardens/rd9tl83,1,1,695,535,0,0,0.2,North
West University Gardens Apartments,https://aggiesearch.tamu.edu/housing/property/west-university-gardens/rd9tl83,1,1,795,701,0,0,0.2,North
West University Gardens Apartments,https://aggiesearch.tamu.edu/housing/property/west-university-gardens/rd9tl83,1,1,895,784,0,0,0.2,North
West University Gardens Apartments,https://aggiesearch.tamu.edu/housing/property/west-university-gardens/rd9tl83,2,2,920,924,0,0,0.2,North
Sonoma Apartments,https://aggiesearch.tamu.edu/housing/property/sonoma-apartments/nn472rp,1,1,695,746,0,0,1.1,South
Sonoma Apartments,https://aggiesearch.tamu.edu/housing/property/sonoma-apartments/nn472rp,2,1,795,995,0,0,1.1,South
Sonoma Apartments,https://aggiesearch.tamu.edu/housing/property/sonoma-apartments/nn472rp,2,1,820,1031,0,0,1.1,South
Sonoma Apartments,https://aggiesearch.tamu.edu/housing/property/sonoma-apartments/nn472rp,2,2,848,1066,0,0,1.1,South
Sonoma Apartments,https://aggiesearch.tamu.edu/housing/property/sonoma-apartments/nn472rp,2,2,895,1066,0,0,1.1,South
Sonoma Apartments,https://aggiesearch.tamu.edu/housing/property/sonoma-apartments/nn472rp,2,2,825,1066,0,0,1.1,South
Sonoma Apartments,https://aggiesearch.tamu.edu/housing/property/sonoma-apartments/nn472rp,2,2,870,1066,0,0,1.1,South
Sonoma Apartments,https://aggiesearch.tamu.edu/housing/property/sonoma-apartments/nn472rp,2,2,870,1066,0,0,1.1,South
Sonoma Apartments,https://aggiesearch.tamu.edu/housing/property/sonoma-apartments/nn472rp,2,2,895,1066,0,0,1.1,South
Sonoma Apartments,https://aggiesearch.tamu.edu/housing/property/sonoma-apartments/nn472rp,2,1,795,995,0,0,1.1,South
Sonoma Apartments,https://aggiesearch.tamu.edu/housing/property/sonoma-apartments/nn472rp,2,1,795,995,0,0,1.1,South
Sonoma Apartments,https://aggiesearch.tamu.edu/housing/property/sonoma-apartments/nn472rp,2,2,825,1066,0,0,1.1,South
University Square Apartments,https://aggiesearch.tamu.edu/housing/property/university-square/5n9vhyn,1,1,795,669,0,1,0.9,East
University Square Apartments,https://aggiesearch.tamu.edu/housing/property/university-square/5n9vhyn,1,1,795,669,0,1,0.9,East
University Square Apartments,https://aggiesearch.tamu.edu/housing/property/university-square/5n9vhyn,2,2,555,875,0,1,0.9,East
University Square Apartments,https://aggiesearch.tamu.edu/housing/property/university-square/5n9vhyn,2,2,1110,875,0,1,0.9,East
University Square Apartments,https://aggiesearch.tamu.edu/housing/property/university-square/5n9vhyn,2,2,1666,875,0,1,0.9,East
Townhome (Shared Space),https://aggiesearch.tamu.edu/housing/property/townhome/ocp470d04k,1,3,400,718,0,0,4.2,South
The Stack Apartments,https://aggiesearch.tamu.edu/housing/property/the-stack/nqkfern,1,1,1275,432,0,1,0.3,Central
The Stack Apartments,https://aggiesearch.tamu.edu/housing/property/the-stack/nqkfern,2,2,1710,660,0,1,0.3,Central
The Stack Apartments,https://aggiesearch.tamu.edu/housing/property/the-stack/nqkfern,3,3,2610,982,0,1,0.3,Central
The Stack Apartments,https://aggiesearch.tamu.edu/housing/property/the-stack/nqkfern,4,4,3140,1212,0,1,0.3,Central
The Warehouse & Factory Apartments Northgate,https://aggiesearch.tamu.edu/housing/property/the-warehouse-and-factory-apartments-northgate/nxv29kp,1,1,1119,472,0,1,0.5,Central
The Warehouse & Factory Apartments Northgate,https://aggiesearch.tamu.edu/housing/property/the-warehouse-and-factory-apartments-northgate/nxv29kp,1,1,1149,539,0,1,0.5,Central
The Warehouse & Factory Apartments Northgate,https://aggiesearch.tamu.edu/housing/property/the-warehouse-and-factory-apartments-northgate/nxv29kp,1,1,1259,623,0,1,0.5,Central
The Warehouse & Factory Apartments Northgate,https://aggiesearch.tamu.edu/housing/property/the-warehouse-and-factory-apartments-northgate/nxv29kp,2,2,1618,932,0,1,0.5,Central
The Warehouse & Factory Apartments Northgate,https://aggiesearch.tamu.edu/housing/property/the-warehouse-and-factory-apartments-northgate/nxv29kp,2,1,1618,916,0,1,0.5,Central
The Warehouse & Factory Apartments Northgate,https://aggiesearch.tamu.edu/housing/property/the-warehouse-and-factory-apartments-northgate/nxv29kp,3,2,2370,1325,0,1,0.5,Central
The Warehouse & Factory Apartments Northgate,https://aggiesearch.tamu.edu/housing/property/the-warehouse-and-factory-apartments-northgate/nxv29kp,4,2,2596,1447,0,1,0.5,Central
